ID No,Written By,Written To,Date,Written From,LB Ref No,Info
1,"White, W.C.","Manager, Review & Herald",4/01/1907,"Mountain View, CA",,
2,"White, J. Edson","Landis, H.B",5/01/1907,"Burlington, IA",,
3,"White, J. Edson","White, W.C.",5/01/1907,"Burlington, IA",,
4,"White, J. Edson","White, W.C.",22/01/1907,"Edgefield, TN",,
5,"White, J. Edson","White, W.C.",8/01/1907,"Des Moines, IA",,
6,"White, J. Edson",Dear Mother,14/01/1907,"Battle Creek, MI",,
7,"White, J. Edson","Landis, H.B [copy WCW]",22/01/1907,"Edgefield, TN",,
8,"White, J. Edson","White, W.C. [telegram]",23/01/1907,"Nashville, TN",,
9,"White, J. Edson","White, W.C.",23/01/1907,"Edgefield, TN",,
10,,Sanitarium Ledger statement,24/01/1907,"Battle Creek, MI",,
11,"White, J. Edson","White, Mrs E.G.",25/01/1907,"Edgefield, TN",,
12,"White, J. Edson","White, W.C.",25/01/1907,"Edgefield, TN",,
13,"White, J. Edson","White, W.C.",31/01/1907,"Edgefield, TN",,
14,"White, J. Edson","White, Mrs E.G.",31/01/1907,"Edgefield, TN",,
15,"White, J. Edson","White, Mrs E.G.",7/02/1907,"Edgefield, TN",,
16,"White, J. Edson","White, W.C.",7/02/1907,"Edgefield, TN",,
17,"White, J. Edson","White, W.C.",8/02/1907,"Edgefield, TN",,
18,,Created in His Image [poem],,,,
19,"White, J. Edson","White, W.C.",10/02/1907,"Edgefield, TN",,
20,"White, J. Edson","White, W.C.",10/02/1907,"Edgefield, TN",,
21,"White, J. Edson","White, W.C.",13/02/1907,"Edgefield, TN",,
22,"White, J. Edson","White, Mrs E.G.",13/02/1907,"Edgefield, TN",,
23,"White, J. Edson","White, W.C.",14/02/1907,"Edgefield, TN",,
24,"White, J. Edson","Landis, H.B [copy WCW]",14/02/1907,"Edgefield, TN",,
25,"White, J. Edson","Kellogg, W.K.",14/02/1907,"Edgefield, TN",,
26,"White, J. Edson","Landis, H.B",15/02/1907,"Edgefield, TN",,
27,"White, J. Edson","White, W.C.",20/02/1907,"Edgefield, TN",,
28,"White, J. Edson","White, W.C.",20/02/1907,"Edgefield, TN",,
29,"White, J. Edson","White, W.C.",21/02/1907,"Edgefield, TN",,
30,"White, J. Edson","Landis, H.B",24/02/1907,"Edgefield, TN",,
31,"White, J. Edson","White, W.C.",26/02/1907,"Edgefield, TN",,
32,"White, J. Edson","Landis, H.B",28/02/1907,,,
33,"White, J. Edson","White, W.C.",28/02/1907,"Edgefield, TN",,
34,"White, J. Edson","White, W.C.",1/03/1907,"Edgefield, TN",,
35,"White, J. Edson","White, W.C.",2/03/1907,"Edgefield, TN",,
36,"White, J. Edson","White, W.C.",5/03/1907,"Edgefield, TN",,
37,"White, J. Edson","Landis, H.B",5/03/1907,"Edgefield, TN",,
38,"White, J. Edson","White, W.C.",6/03/1907,"Edgefield, TN",,
39,"White, J. Edson","White, W.C.",13/03/1907,"Edgefield, TN",,
40,"White, J. Edson","White, W.C.",14/03/1907,"Edgefield, TN",,
41,"White, J. Edson","White, W.C.",17/03/1907,"Edgefield, TN",,
42,"White, J. Edson","*White, Mrs E.G.",4/04/1907,"Mountain View, CA",,
43,"White, J. Edson","White, W.C.",5/04/1907,"Mountain View, CA",,
44,"White, J. Edson","Covell, W.H.",12/04/1907,"Portland, OR",,
45,"White, J. Edson","White, Mrs E.G.",23/04/1907,"Edgefield, TN",,
46,"White, J. Edson","White, Mrs E.G.",25/04/1907,"Edgefield, TN",,
47,"White, J. Edson","White, W.C.",26/04/1907,"Edgefield, TN",,
48,"White, J. Edson","Pflugradt, W.J.",26/04/1907,,,
49,"White, J. Edson","White, W.C.",27/04/1907,"Edgefield, TN",,
50,"White, J. Edson","White, W.C.",30/04/1907,"Edgefield, TN",,
51,"White, J. Edson",Dear Mother,30/04/1907,"Edgefield, TN",,
52,"White, J. Edson","White, W.C.",5/05/1907,"Edgefield, TN",,
53,"White, J. Edson","White, W.C.",7/05/1907,"St Louis, MO",,
54,"White, J. Edson","White, W.C.",12/05/1907,"Battle Creek, MI",,
55,"White, J. Edson",*Dear Mother,15/05/1907,"Edgefield, TN",,
56,"White, J. Edson",*Dear Mother,16/05/1907,"Edgefield, TN",,
57,"White, J. Edson","White, W.C.",16/05/1907,"Nashville, TN",,
58,"White, J. Edson","Landis, H.B",16/05/1907,"Edgefield, TN",,
59,"White, J. Edson","White, W.C.",19/05/1907,"Edgefield, TN",,
60,"White, J. Edson",Dear Mother,22/05/1907,"Edgefield, TN",,
61,"White, W.C.","White, J. Edson",28/05/1907,"Sanitarium, CA",,
62,"White, J. Edson","White, W.C.",2/06/1907,"Edgefield, TN",,
63,"White, J. Edson","White, W.C.",2/06/1907,"Edgefield, TN",,
64,"White, J. Edson","White, W.C.",5/06/1907,"Edgefield, TN",,
65,"White, J. Edson","White, W.C.",11/06/1907,"Edgefield, TN",,
66,"White, J. Edson","White, W.C.",12/06/1907,"Edgefield, TN",,
67,"White, J. Edson","White, W.C.",18/06/1907,"Edgefield, TN",,
68,"Mace, J.W.","White, J. Edson",26/06/1907,"Battle Creek, MI",,
69,"White, J. Edson","White, W.C.",28/06/1907,,,
70,"White, J. Edson",Dear Mother,29/06/1907,"Edgefield, TN",,
71,"White, J. Edson","White, Mrs E.G.",5/07/1907,"Edgefield, TN",,
72,"White, J. Edson","White, W.C.",10/07/1907,"Edgefield, TN",,
73,"White, J. Edson","White, W.C.",11/07/1907,"Edgefield, TN",,
74,"White, J. Edson","White, W.C.",12/07/1907,"Edgefield, TN",,
75,"White, J. Edson","White, W.C.",14/07/1907,"Edgefield, TN",,
76,"White, J. Edson","Managers, Publishing Houses",14/07/1907,"Edgefield, TN",,
77,"White, J. Edson","White, W.C.",16/07/1907,"Edgefield, TN",,
78,"White, J. Edson","White, W.C.",17/07/1907,"Edgefield, TN",,
79,"White, J. Edson","White, W.C.",17/07/1907,"Edgefield, TN",,
80,"White, J. Edson",Dear Mother,17/07/1907,"Edgefield, TN",,
81,"White, J. Edson","White, W.C.",18/07/1907,"Edgefield, TN",,
82,"White, J. Edson",Dear Mother,18/07/1907,"Edgefield, TN",,
83,"White, J. Edson","White, W.C.",19/07/1907,"Edgefield, TN",,
84,"White, J. Edson","*White, W.C.",22/07/1907,"Edgefield, TN",,
85,"White, J. Edson","White, W.C.",22/07/1907,"Edgefield, TN",,
86,"White, J. Edson","Daniells, A.G.",22/07/1907,,,
87,"White, J. Edson","Butler, Geo. I.",22/07/1907,"Edgefield, TN",,
88,"White, J. Edson","Ford, I.A.",22/07/1907,,,
89,"White, J. Edson","White, W.C.",22/07/1907,"Edgefield, TN",,
90,"White, J. Edson","White, Mrs E.G.",24/07/1907,"Edgefield, TN",,
91,"White, J. Edson","Daniells, A.G.",22/07/1907,"Edgefield, TN",,
92,"White, J. Edson","Butler, Geo. I.",22/07/1907,"Edgefield, TN",,
93,"White, J. Edson","White, W.C.",22/07/1907,"Edgefield, TN",,
94,"White, J. Edson","Ford, I.A.",22/07/1907,"Edgefield, TN",,
95,"White, J. Edson","White, Mrs E.G.",22/07/1907,"Edgefield, TN",,
96,"White, J. Edson","White, W.C.",2/08/1907,"Edgefield, TN",,
97,"White, J. Edson","Hall, H.H.",4/08/1907,"Boulder, CO",,
98,Pacific Press-Cochran,"White, J.E.",25/07/1907,"Kansas City, MO",,
99,"White, J. Edson",Dear Mother,6/08/1907,"Boulder, CO",,
100,"White, J. Edson","White, W.C.",11/08/1907,"Edgefield, TN",,
101,"White, J. Edson","White, Mrs E.G.",12/08/1907,"Edgefield, TN",,
102,"White, J. Edson","White, W.C.",16/08/1907,"Edgefield, TN",,
103,"White, J. Edson","White, W.C.",17/08/1907,"Boulder, CO",,
104,"White, J. Edson","White, W.C.",17/08/1907,"Boulder, CO",,
105,"White, J. Edson","White, W.C.",17/08/1907,"Boulder, CO",,
106,"White, J. Edson","White, W.C.",25/08/1907,"Edgefield, TN",,
107,"White, J. Edson","Kauble, N.W.",27/08/1907,,,
108,"White, J. Edson",International Pub. Assn.,27/08/1907,"Edgefield, TN",,
109,"White, J. Edson","White, W.C.",27/08/1907,"Edgefield, TN",,
110,"White, J. Edson",Pacific Press Pub. Co.,28/08/1907,"Edgefield, TN",,
111,"White, J. Edson",Dear Mother,3/09/1907,"Edgefield, TN",,
112,"White, J. Edson","White, W.C.",4/09/1907,"Edgefield, TN",,
113,"White, J. Edson","White, W.C.",6/09/1907,"Edgefield, TN",,
114,"White, J. Edson",Dear Mother,12/09/1907,"Edgefield, TN",,
115,"White, J. Edson","White, W.C.",15/09/1907,"Edgefield, TN",,
116,"White, J. Edson",Dear Mother,15/09/1907,"Edgefield, TN",,
117,"White, J. Edson",Pacific Press Pub. Co.,17/09/1907,"Edgefield, TN",,
118,"White, J. Edson","White, W.C.",17/09/1907,"Edgefield, TN",,
119,"White, J. Edson","White, W.C.",20/09/1907,"Edgefield, TN",,
120,"White, J. Edson",Dear Mother,20/09/1907,"Edgefield, TN",,
121,"White, J. Edson",Dear Mother,2/10/1907,"Edgefield, TN",,
122,"White, J. Edson",Pacific Press Pub. Co.,8/10/1907,"Edgefield, TN",,
123,"White, J. Edson","White, W.C.",13/10/1907,"Edgefield, TN",,
124,"White, J. Edson","White, W.C.",13/10/1907,"Edgefield, TN",,
125,"White, J. Edson","Hall, Anna Agee",19/10/1907,,,
126,"White, J. Edson","*White, W.C.",27/10/1907,"Edgefield, TN",,
127,"White, J. Edson","White, W.C.",1/11/1907,"Edgefield, TN",,
128,"White, J. Edson","White, W.C.",2/11/1907,"Edgefield, TN",,
129,"White, J. Edson","White, W.C.",5/11/1907,"Edgefield, TN",,
130,"White, J. Edson","White, W.C.",10/11/1907,"Edgefield, TN",,
131,"White, J. Edson","Ford, I.A.",10/11/1907,,,
132,"White, J. Edson","White, W.C.",12/11/1907,"Edgefield, TN",,
133,"White, J. Edson","White, W.C.",14/11/1907,"Edgefield, TN",,
134,"White, J. Edson",Dear Mother,18/11/1907,"Edgefield, TN",,
135,"White, J. Edson","White, W.C.",18/11/1907,"Edgefield, TN",,
136,"White, J. Edson","Jones, C.H.",18/11/1907,"Edgefield, TN",,
137,"White, J. Edson","White, W.C.",28/11/1907,"Edgefield, TN",,
138,"White, J. Edson","White, W.C.",28/11/1907,"Edgefield, TN",,
139,"White, J. Edson","White, W.C.",13/12/1907,"Edgefield, TN",,
140,"White, J. Edson","White, W.C.",13/12/1907,"Edgefield, TN",,
141,"White, J. Edson","White, Mrs E.G.",24/12/1907,"Edgefield, TN",,
142,"White, J. Edson","White, W.C.",29/12/1907,"Walla Walla, WA",,
143,"White, J. Edson","Belden, F.E.",19/01/1908,"Edgefield, TN",,
144,"White, J. Edson","*White, Mrs E.G.",22/01/1908,"Nashville, TN",,
145,"White, J. Edson",*Dear Mother ,25/01/1908,"Edgefield, TN",,
146,"White, J. Edson","White, Mrs E.G.",27/01/1908,"Nashville, TN",,
147,"White, J. Edson","*White, Mrs E.G. ",27/01/1908,"Nashville, TN",,
148,"White, J. Edson",*Dear Mother ,28/01/1908,"Edgefield, TN",,
149,"White, J. Edson","White, W.C.",31/01/1908,"Edgefield, TN",,
150,"White, J. Edson","White, Mrs E.G.",6/02/1908,"Edgefield, TN",,
151,"White, J. Edson","*White, Mrs E.G.",6/02/1908,"Edgefield, TN",,
152,"White, J. Edson","White, W.C.",6/02/1908,"Edgefield, TN",,
153,"White, J. Edson","White, W.C.",6/02/1908,"Edgefield, TN",,
154,"White, J. Edson","*White, W.C.",6/02/1908,"Edgefield, TN",,
155,"White, J. Edson","White, W.C.",14/02/1908,"Edgefield, TN",,
156,"White, J. Edson","White, W.C.",17/02/1908,"Edgefield, TN",,
157,"White, J. Edson",*Dear Mother,24/02/1908,"Edgefield, TN",,
158,"White, J. Edson","White, W.C.",20/02/1908,"Edgefield, TN",,
159,"White, J. Edson",Brs Hansen & George,20/02/1908,"Edgefield, TN",,
160,"White, J. Edson",*Dear Mother & Brother,5/03/1908,"Loma Linda San, CA",,
161,"White, J. Edson","White, W.C.",16/03/1908,"Beyond Denver, CO",,
162,"White, J. Edson","White, W.C.",20/03/1908,"Chicago, IL",,
163,"White, J. Edson",Dear Brother,21/03/1908,"Chicago, IL",,
164,"White, J. Edson",*Dear Mother,26/03/1908,"Battle Creek, MI",,
165,"White, J. Edson","White, W.C.",26/03/1908,"Kalamazoo, MI",,
166,"White, J. Edson","White, W.C.",27/03/1908,"Kalamazoo, MI",,
167,"White, J. Edson","White, W.C.",27/03/1908,"Kalamazoo, MI",,
168,,"White, W.C.",31/03/1908,"Edgefield, TN",,
169,"White, J. Edson","White, W.C.",2/04/1908,"Edgefield, TN",,
170,"White, J. Edson","White, Mrs E.G.",3/04/1908,"Edgefield, TN",,
171,"White, J. Edson","Hansen, L.A.",1908/04/,"Edgefield, TN",,
172,"White, J. Edson","White, W.C.",5/04/1908,"Edgefield, TN",,
173,"White, J. Edson","White, W.C.",5/04/1908,"Edgefield, TN",,
174,"White, J. Edson","White, W.C.",6/04/1908,"Edgefield, TN",,
175,"White, J. Edson","*White, Mrs E.G.",7/04/1908,"Edgefield, TN",,
176,"White, J. Edson","White, Mrs E.G.",8/04/1908,"Edgefield, TN",,
177,"White, J. Edson","Hansen, L.A.",9/04/1908,"Edgefield, TN",,
178,"White, J. Edson","White, Mrs E.G.",9/04/1908,"Edgefield, TN",,
179,"White, J. Edson","*White, Mrs E.G.",9/04/1908,"Edgefield, TN",,
180,"White, J. Edson","White, W.C.",9/04/1908,"Edgefield, TN",,
181,"White, J. Edson","White, Mrs E.G.[copy WCW]1908/04/09","Edgefield, TN",,,
182,"White, J. Edson","Hansen, L.A. [copy WCW]",9/04/1908,"Edgefield, TN",,
183,"White, J. Edson","*White, Mrs E.G.",16/04/1908,"Edgefield, TN",,
184,"White, J. Edson","White, W.C.",21/04/1908,"Edgefield, TN",,
185,"White, J. Edson","White, Mrs E.G.",27/04/1908,"Edgefield, TN",,
186,"White, J. Edson","*White, Mrs E.G.",27/04/1908,"Edgefield, TN",,
187,"White, J. Edson","White, W.C.",27/04/1908,"Edgefield, TN",,
188,"White, J. Edson","White, W.C.",29/04/1908,"Edgefield, TN",,
189,"White, J. Edson","White, W.C.",30/04/1908,"Edgefield, TN",,
190,"White, J. Edson","White, W.C.",4/05/1908,"Nashville, TN",,
191,"White, J. Edson","White, W.C.",5/05/1908,"Edgefield, TN",,
192,"White, J. Edson",Dear Mother,5/05/1908,"Edgefield, TN",,
193,"White, J. Edson","White, W.C.",7/05/1908,"Nashville, TN",,
194,"White, J. Edson","White, W.C.",10/05/1908,"Nashville, TN",,
195,"White, J. Edson","White, W.C.",12/05/1908,"Nashville, TN",,
196,"White, J. Edson","White, W.C. [copy EGW]",12/05/1908,"Nashville, TN",,
197,"White, J. Edson","*White, Mrs E.G. & W.C.",17/05/1908,"Nashville, TN",,
198,"White, J. Edson","White, W.C.",18/05/1908,"Nashville, TN",,
199,"White, J. Edson","White, W.C.",23/05/1908,"Nashville, TN",,
200,"White, J. Edson","White, W.C.",24/04/1908,"Edgefield, TN",,
201,"White, J. Edson","White, W.C.",26/05/1908,"Nashville, TN",,
202,"White, J. Edson","White, W.C.",27/04/1908,"Nashville, TN",,
203,"White, J. Edson",Dear Friends [copy WCW],29/04/1908,"Nashville, TN",,
204,"White, J. Edson","Board, So Pub Assn",29/05/1908,"Nashville, TN",,
205,"White, J. Edson","White, W.C.",29/05/1908,"Nashville, TN",,
206,"White, W.C.","White, J.E.",7/06/1908,"Sanitarium, CA",,
207,"White, J. Edson","White, W.C.",9/06/1908,"Nashville, TN",,
208,"White, J. Edson","Valentiner, Pr Theo",9/06/1908,"Nashville, TN",,
209,"White, J. Edson","*Valentiner, Pr Theo",9/06/1908,"Nashville, TN",,
210,"White, J. Edson","Harper, Walter",9/06/1908,"Nashville, TN",,
211,"White, J. Edson","Godsmark, Dr O.C.",10/06/1908,"Nashville, TN",,
212,"White, J. Edson","White, W.C.",10/06/1908,"Nashville, TN",,
213,"White, J. Edson",*Dear Mother,14/06/1908,"Nashville, TN",,
214,"White, J. Edson",Dear Mother,23/06/1908,"Nashville, TN",,
215,"White, J. Edson","Valentiner, Pr Theo",23/06/1908,"Nashville, TN",,
216,"White, J. Edson","White, W.C.",3/07/1908,"Nashville, TN",,
217,"White, J. Edson","White, W.C.",3/07/1908,"Nashville, TN",,
218,"White, J. Edson","White, W.C.",16/07/1908,"Nashville, TN",,
219,"White, J. Edson","White, W.C.",24/07/1908,"Nashville, TN",,
220,"White, J. Edson","White, W.C.",27/07/1908,"Nashville, TN",,
221,"White, J. Edson","Valentiner, Pr Theo",27/07/1908,"Nashville, TN",,
222,"White, J. Edson","White, W.C.",3/08/1908,"Nashville, TN",,
223,"White, J. Edson","White, Mrs E.G.",3/08/1908,"Nashville, TN",,
224,"White, J. Edson","Evans, Eld. I.H.",9/08/1908,,,
225,"White, J. Edson","White, W.C.",13/08/1908,"Nashville, TN",,
226,"White, J. Edson","White, W.C.",14/08/1908,"Nashville, TN",,
227,"White, J. Edson",Pacific Press Pub Co,23/06/1908,,,
228,"Everett, A.E.","White, J. Edson",24/05/1908,"Bozeman, MT",,
229,"White, J. Edson","White, W.C.",19/08/1908,"Nashville, TN",,
230,"White, J. Edson","Bollman, Eld. C.P.",21/08/1908,"Nashville, TN",,
231,"White, J. Edson",Dear Mother,21/08/1908,"Nashville, TN",,
232,"White, J. Edson","White, W.C.",25/08/1908,"Nashville, TN",,
233,"White, J. Edson","*White, Mrs E.G.",26/08/1908,"Nashville, TN",,
234,"White, J. Edson","White, Mrs E.G.",1/09/1908,"Nashville, TN",,
235,"White, J. Edson","White, Mrs E.G.",2/09/1908,"Nashville, TN",,
236,"White, J. Edson","Jeys, Elder T.H.[copy EGW]",3/09/1908,"Nashville, TN",,
237,"White, J. Edson","White, W.C.",9/09/1908,"Nashville, TN",,
238,"White, J. Edson",Review & Herald Pub. Assn,9/09/1908,"Nashville, TN",,
239,"White, J. Edson","White, W.C.",17/09/1908,"Nashville, TN",,
240,"White, J. Edson","White, W.C.",18/09/1908,"Nashville, TN",,
241,"White, J. Edson","White, W.C.",22/09/1908,"Nashville, TN",,
242,"White, J. Edson","*White, Mrs E.G.",23/09/1908,"Nashville, TN",,
243,"White, J. Edson","*White, W.C.",23/09/1908,"Nashville, TN",,
244,"White, J. Edson","White, W.C.",27/09/1908,"Nashville, TN",,
245,"White, J. Edson","White, W.C.",30/09/1908,"Nashville, TN",,
246,"White, J. Edson","White, W.C.",9/10/1908,"Nashville, TN",,
247,"White, J. Edson",Pacific Press Pub Co,12/10/1908,"Nashville, TN",,
248,"White, J. Edson","White, W.C.",12/10/1908,"Nashville, TN",,
249,"White, W.C.","White, J. Edson",14/10/1908,"Sanitarium, CA",,
250,"White, J. Edson","White, W.C.",18/10/1908,"Nashville, TN",,
251,"White, J. Edson","White, W.C.",21/10/1908,"Nashville, TN",,
252,"White, J. Edson","White, W.C.",23/10/1908,"Nashville, TN",,
253,"White, J. Edson","White, W.C.",8/11/1908,"Nashville, TN",,
254,"White, J. Edson","White, W.C.",16/11/1908,"Nashville, TN",,
255,"White, J. Edson","White, W.C.",10/11/1908,"Nashville, TN",,
256,"White, J. Edson","Rogers, F.R.",22/11/1908,,,
257,"White, J. Edson","White, W.C.",23/11/1908,"Nashville, TN",,
258,"White, J. Edson","White, W.C.",24/11/1908,"Nashville, TN",,
259,"White, J. Edson","White, W.C.",29/11/1908,"Nashville, TN",,
260,"White, J. Edson","White, W.C.",6/12/1908,"Nashville, TN",,
261,"White, J. Edson","White, W.C.",8/12/1908,"Nashville, TN",,
262,"White, J. Edson","White, W.C.",15/12/1908,"Nashville, TN",,
263,"White, J. Edson","*White, Mrs E.G.",21/12/1908,"Nashville, TN",,
264,"White, J. Edson","White, W.C.",21/12/1908,"Nashville, TN",,
265,"White, J. Edson","Prescott, W.W.",30/12/1908,,,
266,"White, J. Edson","White, Mrs E.G.",1/1/1909,"Nashville, TN",,
267,"White, J. Edson","White, Mrs E.G.",4/1/1909,"Nashville, TN",,
268,"White, J. Edson","White, W.C.",17/01/1909,"Kansas City, MO",,
269,"White, J. Edson","White, W.C.",18/01/1909,"Kansas City, MO",,
270,"White, J. Edson","White, W.C.",14/01/1909,"Kansas City, MO",,
271,"White, J. Edson","White, W.C.",13/01/1909,"St. Louis, MO",,
272,"White, J. Edson","McVagh, Eld. C.F.",14/01/1909,"Kansas City, MO",,
273,"White, J. Edson","White, W.C.",24/01/1909,"Nashville, TN",,
274,"White, J. Edson","White, W.C.",25/01/1909,"Nashville, TN",,
275,"White, J. Edson","White, W.C.",1/2/1909,"Nashville, TN",,
276,"White, J. Edson",Review & Herald,1/2/1909,"Nashville, TN",,
277,"White, J. Edson","White, W.C.",3/2/1909,"Nashville, TN",,
278,"Valentiner, Theodore",Unsolicited Reference,26/01/1909,"Rockyford, CO",,
279,"White, J. Edson",Pacific Press Pub. Co.,4/2/1909,"Nashville, TN",,
280,"White, J. Edson","White, W.C.",5/2/1909,"Nashville, TN",,
281,"White, J. Edson","White, W.C.",5/2/1909,"Nashville, TN",,
282,"White, J. Edson","White, W.C.",9/2/1909,"Nashville, TN",,
283,"Salisbury, H.R.","White, W.C.",8/2/1909,"Washington, DC",,
284,"White, J. Edson","White, W.C.",11/2/1909,"Nashville, TN",,
285,"White, J. Edson","White, W.C.",18/02/1909,"Nashville, TN",,
286,"White, J. Edson","White, W.C.",19/02/1909,"Nashville, TN",,
287,"White, J. Edson",Pacific Press Pub. Co.,19/02/1909,"Nashville, TN",,
288,"White, J. Edson","White, W.C.",25/02/1909,"Nashville, TN",,
289,"White, J. Edson","White, W.C.",1/3/1909,"Nashville, TN",,
290,"White, J. Edson","White, W.C.",5/3/1909,"Nashville, TN",,
291,"White, J. Edson","White, W.C.",7/3/1909,"Nashville, TN",,
292,"White, J. Edson","White, W.C.",10/3/1909,"Nashville, TN",,
293,"White, J. Edson","White, W.C.",11/3/1909,"Nashville, TN",,
294,"White, J. Edson","White, W.C.",15/03/1909,"Nashville, TN",,
295,"White, J. Edson","White, W.C.",17/03/1909,"Nashville, TN",,
296,"White, J. Edson","White, W.C.",19/03/1909,"Nashville, TN",,
297,"White, J. Edson",Dear Friend,19/03/1909,"Nashville, TN",,
298,"Curtiss, S.N.","White, W.C.",14/03/1909,"Washington, DC",,
299,"Snow, C.M.",Southern Publ. Assn,14/03/1909,"Washington, DC",,
300,"White, J. Edson","White, W.C.",21/03/1909,"Nashville, TN",,
301,"White, J. Edson",Review & Herald,21/03/1909,"Nashville, TN",,
302,"Curtiss, S.N.","White, J.E.",15/03/1909,"Washington, DC",,
303,"White, J. Edson","White, W.C.",22/03/1909,"Nashville, TN",,
304,"White, J. Edson","White, W.C.",24/03/1909,"Nashville, TN",,
305,"White, J. Edson","White, Mrs E.G.",28/03/1909,"Nashville, TN",,
306,"White, J. Edson","White, Mrs E.G. (duplicate)",28/03/1909,"Nashville, TN",,
307,"White, J. Edson","White, W.C.",28/03/1909,"Nashville, TN",,
308,"White, J. Edson","White, W.C.",30/03/1909,"Nashville, TN",,
309,"White, J. Edson","White, W.C.",30/03/1909,"Nashville, TN",,
310,"White, J. Edson","Valentiner, Theodore Eld.",1/4/1909,"Sanitarium, CA",,
311,"White, J. Edson","White, W.C.",n.d.,"Nashville, TN",,
312,"White, J. Edson","White, W.C.",14/04/1909,"Nashville, TN",,
313,"White, J. Edson","White, W.C.",2/5/1909,"Nashville, TN",,
314,"White, J. Edson","White, Mrs E.G.",2/5/1909,"Nashville, TN",,
315,"White, J. Edson","White, W.C.",8/5/1909,"Nashville, TN",,
316,"White, J. Edson","White, Mrs E.G.",10/5/1909,"Nashville, TN",,
317,"White, J. Edson","White, W.C.",10/5/1909,"Nashville, TN",,
318,"White, J. Edson","White, W.C.",16/05/1909,"Nashville, TN",,
319,"White, J. Edson","White, Mrs E.G.",16/05/1909,"Nashville, TN",,
320,"White, J. Edson","White, W.C.",20/05/1909,"Edgefield, TN",,
321,"White, J. Edson","White, W.C.",26/05/1909,"Nashville, TN",,
322,"White, J. Edson","White, W.C.",15/06/1909,"Nashville, TN",,
323,"White, J. Edson","White, W.C.",16/06/1909,"Nashville, TN",,
324,"White, J. Edson","White, W.C.",27/06/1909,"Nashville, TN",,
325,"White, J. Edson",Review & Herald,30/06/1909,"Nashville, TN",,
326,"White, J. Edson","White, W.C.",30/06/1909,"Nashville, TN",,
327,"White, J. Edson","White, W.C.",2/7/1909,"Nashville, TN",,
328,"White, J. Edson","White, W.C.",16/07/1909,"Nashville, TN",,
329,"White, J. Edson","White, Mrs E.G.",31/07/1909,"Nashville, TN",,
330,"White, J. Edson","White, W.C.",18/08/1909,"Nashville, TN",,
331,"White, J. Edson","Hall, H.H.",19/08/1909,"Nashville, TN",,
332,"White, J. Edson","White, W.C.",19/08/1909,"Nashville, TN",,
333,"White, J. Edson","White, W.C.",22/08/1909,"Nashville, TN",,
334,"White, J. Edson","White, W.C.",22/08/1909,"Nashville, TN",,
335,"White, J. Edson","Directors, Southern Pub Assn",1/9/1909,"Nashville, TN",,
336,"White, J. Edson","White, W.C.",6/9/1909,"Nashville, TN",,
337,"White, J. Edson","White, W.C.",7/9/1909,"Nashville, TN",,
338,"White, J. Edson","White, W.C.",5/9/1909,"Nashville, TN",,
339,"White, J. Edson","Directors, Southern Pub Assn",1/9/1909,"Nashville, TN",,
340,"White, J. Edson","Cage, F.H. Pacific Press",5/9/1909,"Nashville, TN",,
341,"White, J. Edson",International Pub Assn,5/9/1909,"Nashville, TN",,
342,International Pub Ass,Invoice,30/06/1909,"College View, NE",,
343,International Pub Ass,"White, J.E.",30/07/1909,"College View, NE",,
344,"White, J. Edson","Belden, F.E.",8/9/1909,"Nashville, TN",,
345,"White, J. Edson","White, W.C.",19/09/1909,"Nashville, TN",,
346,"White, J. Edson","White, W.C.",22/09/1909,"Nashville, TN",,
347,"White, J. Edson","White, Mrs E.G.",24/09/1909,"Nashville, TN",,
348,"White, J. Edson","White, W.C.",28/10/1909,"Nashville, TN",,
349,"White, J. Edson","White, W.C.",14/11/1909,"Nashville, TN",,
350,"White, J. Edson","White, W.C.",21/11/1909,"Nashville, TN",,
351,"Palmer, E.R.",Publishers & Authors,22/11/1909,"Washington, DC",,
352,"White, J. Edson","White, Mrs E.G.",26/11/1909,"Nashville, TN",,
353,"White, J. Edson","White, W.C.",28/11/1909,"Nashville, TN",,
354,"White, J. Edson","White, W.C.",7/12/1909,"Nashville, TN",,
355,"White, J. Edson","White, W.C.",9/12/1909,"Nashville, TN",,
356,"White, J. Edson","White, W.C.",17/12/1909,"Nashville, TN",,
357,"White, J. Edson","White, W.C.",19/12/1909,"Nashville, TN",,
358,"White, J. Edson","White, W.C.",23/12/1909,"Nashville, TN",,
359,"White, J. Edson","White, W.C.",29/12/1909,"Nashville, TN",,
360,"White, J. Edson","White, W.C.",30/12/1909,"Nashville, TN",,
361,"White, J. Edson","White, W.C.",9/1/1910,"Nashville, TN",,
362,"White, J. Edson","White, Mrs E.G.",14/01/1910,"Nashville, TN",,
363,"White, J. Edson",Southern Publ Assn,16/01/1910,"Nashville, TN",,
364,"White, J. Edson","White, W.C.",18/01/1910,"Nashville, TN",,
365,"White, J. Edson","White, W.C.",27/01/1910,"Nashville, TN",,
366,"White, J. Edson","White, W.C.",27/01/1910,"Nashville, TN",,
367,"White, J. Edson","White, W.C.",30/01/1910,"Nashville, TN",,
368,"White, J. Edson","White, W.C.",7/2/1910,"Nashville, TN",,
369,"White, J. Edson","White, Mrs E.G.",12/2/1910,"Nashville, TN",,
370,"White, J. Edson","White, W.C.",16/02/1910,"Nashville, TN",,
371,"White, J. Edson",International Pub. Assn,27/02/1910,"Nashville, TN",,
372,"White, J. Edson","White, W.C.",2/3/1910,"Nashville, TN",,
373,"White, J. Edson","White, W.C.",3/3/1910,"Nashville, TN",,
374,"White, J. Edson","White, Mrs E.G.",14/03/1910,"Nashville, TN",,
375,"White, J. Edson","White, Mrs E.G.",5/4/1910,"Nashville, TN",,
376,"White, J. Edson","White, W.C.",10/4/1910,"Nashville, TN",,
377,"White, J. Edson","White, W.C.",8/5/1910,"Nashville, TN",,
378,"White, J. Edson","White, Mrs E.G.",16/05/1910,"Nashville, TN",,
379,"White, J. Edson","White, W.C.",16/05/1910,"Nashville, TN",,
380,"White, J. Edson","White, Mrs E.G.",17/05/1910,"Nashville, TN",,
381,"White, J. Edson","White, Mrs E.G.",30/05/1910,"Nashville, TN",,
382,"White, J. Edson","White, W.C.",3/6/1910,"Nashville, TN",,
383,"White, J. Edson","White, W.C.",14/06/1910,"Nashville, TN",,
384,"White, J. Edson","White, Mrs E.G.",,,,
385,"White, J. Edson","White, W.C.",21/06/1910,"Nashville, TN",,
386,"White, J. Edson","White, W.C.",23/06/1910,"Nashville, TN",,
387,"White, J. Edson","White, W.C.",30/06/1910,"Nashville, TN",,
388,"White, J. Edson","Mgr, Signs Publ Co",1/7/1910,"Nashville, TN",,
389,"White, J. Edson","White, W.C.",1/7/1910,"Nashville, TN",,
390,"White, J. Edson","White, W.C.",5/7/1910,"Nashville, TN",,
391,"White, J. Edson","White, W.C.",8/7/1910,"Nashville, TN",,
392,"White, J. Edson","White, W.C.",11/7/1910,"Nashville, TN",,
393,"White, J. Edson","White, W.C.",12/7/1910,"Nashville, TN",,
394,"White, J. Edson","White, W.C.",15/07/1910,"Battle Creek, MI",,
395,"White, J. Edson","White, W.C.",22/07/1910,"Battle Creek, MI",,
396,"White, J. Edson","White, W.C.",2/8/1910,"Nashville, TN",,
397,"White, J. Edson","White, W.C.",3/8/1910,"Nashville, TN",,
398,"White, J. Edson","White, W.C.",5/8/1910,"Nashville, TN",,
399,"White, J. Edson","White, Mrs E.G. & W.C.",11/8/1910,"Nashville, TN",,
400,"White, J. Edson","White, W.C.",17/08/1910,"Nashville, TN",,
401,"White, J. Edson","White, W.C.",18/08/1910,"Nashville, TN",,
402,"White, J. Edson","White, W.C.",,"Nashville, TN",,
403,"White, J. Edson","White, W.C.",13/09/1910,"Nashville, TN",,
404,"White, J. Edson","White, W.C.",15/09/1910,"Nashville, TN",,
405,"White, J. Edson","White, W.C.",16/09/1910,"Nashville, TN",,
406,"White, J. Edson","White, Emma",24/09/1910,"Nashville, TN",,
407,"White, J. Edson","White, W.C.",28/09/1910,"Nashville, TN",,
408,"White, J. Edson","White, W.C.",28/09/1910,"Nashville, TN",,
409,"White, J. Edson",Review & Herald Publ Assn,30/09/1910,"Nashville, TN",,
410,"White, J. Edson","White, Mrs E.G.",3/10/1910,"Nashville, TN",,
411,"White, J. Edson","White, Mrs E.G. & W.C.",5/10/1910,"Nashville, TN",,
412,"White, J. Edson","White, W.C.",7/10/1910,"Nashville, TN",,
413,"White, J. Edson","White, W.C.",7/10/1910,"Nashville, TN",,
414,"White, J. Edson","White, W.C.",10/10/1910,"Nashville, TN",,
415,"White, J. Edson","White, W.C.",11/10/1910,"Nashville, TN",,
416,"White, J. Edson","White, W.C.",11/10/1910,"Nashville, TN",,
417,"White, J. Edson","White, W.C.",13/10/1910,"Nashville, TN",,
418,"White, J. Edson","White, W.C.",,"Nashville, TN",,
419,"White, J. Edson","White, W.C.",18/10/1910,"Nashville, TN",,
420,"White, J. Edson","White, W.C.",20/10/1910,"Nashville, TN",,
421,"White, J. Edson",Review & Herald Publ Assn,26/10/1910,"Nashville, TN",,
422,"White, J. Edson","White, W.C.",28/10/1910,"Nashville, TN",,
423,"White, J. Edson","White, W.C.",16/11/1910,"Nashville, TN",,
424,"White, J. Edson",Signs of Times Publ Assn,16/11/1910,"Nashville, TN",,
425,"White, J. Edson","White, W.C.",18/11/1910,"Nashville, TN",,
426,"White, J. Edson","White, W.C.",20/11/1910,"Nashville, TN",,
427,"White, J. Edson","White, W.C.",22/11/1910,"Nashville, TN",,
428,"White, J. Edson","White, W.C.",23/11/1910,"Nashville, TN",,
429,"White, J. Edson","White, W.C.",25/11/1910,"Nashville, TN",,
430,"White, J. Edson","White, W.C. (Night Letter)",23/11/1910,"Nashville, TN",,
431,"White, J. Edson","White, W.C. (Night Letter)",24/11/1910,"Nashville, TN",,
432,"White, J. Edson","White, W.C. (Telegram)",28/11/1910,"Nashville, TN",,
433,"White, J. Edson","White, W.C.",27/11/1910,"Nashville, TN",,
434,"White, J. Edson","White, W.C.",30/11/1910,"Nashville, TN",,
435,"White, J. Edson",Pacific Press Publ. Assn,30/11/1910,"Nashville, TN",,
436,"White, J. Edson","White, W.C.",2/12/1910,"Nashville, TN",,
437,"White, J. Edson","White, Mrs E.G.",11/12/1910,"Nashville, TN",,
438,"White, J. Edson","White, W.C.",15/12/1910,"Nashville, TN",,
439,"White, J. Edson",Southern Publ. Assn,14/12/1910,"Nashville, TN",,
440,"White, J. Edson",Review & Herald Publ Assn,13/12/1910,"Nashville, TN",,
441,"White, J. Edson","White, W.C.",15/12/1910,"Nashville, TN",,
442,,Tract-South African War,,,,
443,"White, J. Edson","White, W.C.",23/12/1910,"Nashville, TN",,
444,"White, J. Edson","White, W.C.",1/1/1911,"Nashville, TN",,
445,"White, J. Edson","Bank of College View, NE",1/1/1911,"Nashville, TN",,
446,"White, J. Edson","White, W.C.",30/01/1911,"Nashville, TN",,
447,"White, J. Edson","White, W.C.",1/2/1911,"Nashville, TN",,
448,"White, J. Edson","White, W.C.",1/2/1911,"Nashville, TN",,
449,"White, J. Edson","White, W.C.",12/2/1911,"Nashville, TN",,
450,"White, J. Edson","White, W.C.",12/2/1911,"Nashville, TN",,
451,"White, J. Edson","White, W.C.",15/02/1911,"Nashville, TN",,
452,"White, J. Edson","White, W.C.",19/02/1911,"Nashville, TN",,
453,"White, J. Edson","White, W.C.",21/02/1911,"Nashville, TN",,
454,"White, J. Edson","Bank of College View, NE",3/3/1911,"Nashville, TN",,
455,"White, J. Edson","White, W.C.",9/3/1911,"Nashville, TN",,
456,"White, J. Edson","White, W.C.",30/03/1911,"Nashville, TN",,
457,"White, J. Edson","White, Mrs E.G.",31/03/1911,"Nashville, TN",,
458,"White, J. Edson","White, W.C.",31/03/1911,"Nashville, TN",,
459,"White, J. Edson","White, W.C.",11/4/1911,"Nashville, TN",,
460,"White, J. Edson","White, W.C.",9/5/1911,"Nashville, TN",,
461,,Engravings,,,,
462,"White, J. Edson","White, W.C.",12/5/1911,"Nashville, TN",,
463,"White, J. Edson","White, W.C.",22/05/1911,"Nashville, TN",,
464,"White, J. Edson","White, W.C.",23/05/1911,"Nashville, TN",,
465,"White, J. Edson","White, W.C.",28/05/1911,"Nashville, TN",,
466,"White, J. Edson",Pacific Press Publ Assn,31/05/1911,"Nashville, TN",,
467,"White, J. Edson","White, Mrs E.G.",14/06/1911,"Nashville, TN",,
468,"White, J. Edson","White, Mrs E.G.",27/06/1911,"Nashville, TN",,
469,"White, J. Edson","White, Mrs E.G.",30/06/1911,"Nashville, TN",,
470,"White, J. Edson","White, Mrs E.G.",13/08/1911,"Marshall, MI",,
471,"White, J. Edson","White, W.C.",26/08/1911,"Marshall, MI",,
472,"White, J. Edson","White, W.C.",11/9/1911,"Marshall, MI",,
473,"White, J. Edson","White, W.C.",13/10/1911,"Marshall, MI",,
474,"White, J. Edson","White, W.C.",13/10/1911,"Marshall, MI",,
475,"White, J. Edson",Review & Herald Publ Assn,19/10/1911,,,
476,"White, J. Edson","Mason, A.H.",25/10/1911,,,
477,"Mason, A.H.","White, J. Edson",23/10/1911,"Washington, DC",,
478,"White, J. Edson",Review & Herald Publ Assn,26/10/1911,,,
479,"White, J. Edson","Hook, R. Jr",26/10/1911,,,
480,"White, J. Edson","White, W.C.",25/10/1911,"Marshall, MI",,
481,"White, J. Edson","White, W.C.",26/10/1911,"Marshall, MI",,
482,"White, J. Edson","White, W.C.",29/10/1911,"Marshall, MI",,
483,"White, J. Edson","White, W.C.",3/11/1911,"Marshall, MI",,
484,"White, J. Edson","White, W.C.",6/11/1911,"Marshall, MI",,
485,"White, J. Edson","White, W.C.",17/11/1911,"Marshall, MI",,
486,"White, J. Edson","White, W.C.",17/11/1911,"Marshall, MI",,
487,"White, J. Edson","White, W.C.",17/11/1911,"Marshall, MI",,
488,"White, J. Edson","White, W.C.",27/11/1911,"Marshall, MI",,
489,"White, J. Edson","White, W.C.",29/11/1911,"Marshall, MI",,
490,"White, J. Edson","White, Mrs E.G.",19/12/1911,"Marshall, MI",,
491,"White, J. Edson","White, W.C.",28/12/1911,"Marshall, MI",,
492,"White, J. Edson","White, W.C.",28/12/1911,"Marshall, MI",,
493,,Interest as follows,,,,
494,"White, J. Edson","Robinson, D.E.",15/01/1912,"Marshall, MI",,
495,"White, J. Edson","White, W.C.",15/01/1912,"Marshall, MI",,
496,"White, J. Edson","White, W.C.",25/01/1912,"Nashville, TN",,
497,"White, J. Edson","White, Mrs E.G.",1/2/1912,"Nashville, TN",,
498,"White, J. Edson","White, W.C.",3/2/1912,"Nashville, TN",,
499,"White, J. Edson","White, W.C.",9/2/1912,"Marshall, MI",,
500,"White, J. Edson","White, W.C.",11/2/1912,"Marshall, MI",,
501,"White, J. Edson","White, W.C.",14/02/1912,"Marshall, MI",,
502,"White, J. Edson","White, W.C.",25/02/1912,"Marshall, MI",,
503,"White, J. Edson","White, Mrs E.G.",8/3/1912,"Marshall, MI",,
504,"White, J. Edson",Publishing Houses,1/4/1912,"Marshall, MI",,
505,"White, J. Edson","White, W.C.",1/4/1912,"Marshall, MI",,
506,"White, J. Edson","White, W.C.",3/4/1912,"Marshall, MI",,
507,"White, J. Edson","White, W.C.",5/4/1912,"Marshall, MI",,
508,"White, J. Edson","White, W.C.",14/04/1912,"Marshall, MI",,
509,"White, J. Edson","White, W.C.",Friday,,,
510,"White, J. Edson","White, W.C.",18/04/1912,"Marshall, MI",,
511,"White, J. Edson",Southern Publ. Assn,18/04/1912,"Marshall, MI",,
512,"White, J. Edson","White, W.C.",19/04/1912,"Marshall, MI",,
513,"White, J. Edson","White, W.C.",25/04/1912,"Marshall, MI",,
514,"White, J. Edson","White, W.C.",28/04/1912,"Marshall, MI",,
515,"White, J. Edson","White, W.C.",5/5/1912,"Marshall, MI",,
516,"White, J. Edson","White, W.C.",13/05/1912,"Marshall, MI",,
517,"White, J. Edson","White, W.C.",16/05/1912,"Marshall, MI",,
518,"White, J. Edson","White, W.C.",16/05/1912,"Marshall, MI",,
519,"White, J. Edson","White, W.C.",21/05/1912,"Marshall, MI",,
520,"White, J. Edson","White, W.C.",28/05/1912,"Marshall, MI",,
521,"White, J. Edson","White, Mrs E.G.",3/6/1912,"Marshall, MI",,
522,"White, J. Edson","White, Mrs E.G.",6/6/1912,"Marshall, MI",,
523,"White, J. Edson","White, W.C.",17/06/1912,"Marshall, MI",,
524,"White, J. Edson","White, Mrs E.G.",17/06/1912,"Marshall, MI",,
525,"White, J. Edson","White, W.C.",14/06/1912,"Marshall, MI",,
526,"White, J. Edson","White, W.C.",14/06/1912,"Marshall, MI",,
527,"White, J. Edson","White, W.C.",28/06/1912,"Marshall, MI",,
528,"White, J. Edson","White, Mrs E.G.",28/06/1912,"Marshall, MI",,
529,"White, J. Edson","White, Mrs E.G.",9/7/1912,"Marshall, MI",,
530,"White, J. Edson","White, W.C.",9/7/1912,"Marshall, MI",,
531,"White, J. Edson","White, W.C.",12/7/1912,"Marshall, MI",,
532,"White, J. Edson","White, W.C.",16/07/1912,"Marshall, MI",,
533,"White, J. Edson",Southern Publ. Assn,7/8/1912,"Marshall, MI",,
534,"White, J. Edson","White, W.C.",13/08/1912,"Marshall, MI",,
535,"White, J. Edson","White, W.C.",27/08/1912,"Marshall, MI",,
536,"White, J. Edson","White, W.C.",4/9/1912,"Marshall, MI",,
537,"White, J. Edson","White, W.C.",12/9/1912,"Marshall, MI",,
538,"White, J. Edson","White, W.C.",27/09/1912,"Marshall, MI",,
539,"White, J. Edson","White, W.C.",2/10/1912,"Marshall, MI",,
540,"White, J. Edson","White, W.C.",2/10/1912,"Marshall, MI",,
541,"White, J. Edson","White, W.C.",2/10/1912,"Marshall, MI",,
542,"White, J. Edson","White, W.C.",9/10/1912,"Marshall, MI",,
543,"White, J. Edson","White, W.C.",21/10/1912,"Marshall, MI",,
544,"White, J. Edson","Bollman, Eld. C.P.",23/10/1912,"Marshall, MI",,
545,"White, J. Edson","Crisler, Clarence",23/10/1912,"Marshall, MI",,
546,"White, J. Edson","White, W.C.",16/11/1912,"Marshall, MI",,
547,"White, J. Edson","White, W.C.",17/11/1912,"Marshall, MI",,
548,"White, J. Edson","White, W.C.",22/11/1912,"Marshall, MI",,
549,"White, J. Edson","White, W.C.",28/11/1912,"Marshall, MI",,
550,"White, J. Edson","White, W.C.",29/11/1912,"Marshall, MI",,
551,"White, J. Edson","White, W.C.",9/12/1912,"Marshall, MI",,
552,"White, J. Edson","White, W.C.",11/12/1912,"Marshall, MI",,
553,"White, J. Edson","White, W.C.",12/12/1912,"Marshall, MI",,
554,"White, J. Edson","White, W.C.",17/12/1912,"Marshall, MI",,
555,"White, J. Edson","White, W.C.",24/12/1912,"Marshall, MI",,
556,"White, J. Edson",Dear Friends,25/12/1912,"Marshall, MI",,
557,"White, J. Edson",Dear Friends,27/12/1912,"Marshall, MI",,
558,"White, J. Edson","White, Mrs E.G.",29/12/1912,"Marshall, MI",,
559,"White, J. Edson","White, W.C.",30/12/1912,"Marshall, MI",,
560,"White, J. Edson","White, W.C.",1/1/1913,"Marshall, MI",,
561,"White, W.C.","White, J. Edson",3/1/1913,"Sanitarium, CA",,
562,"White, J. Edson","White, W.C.",3/1/1913,"Marshall, MI",,
563,"White, J. Edson","White, W.C.",7/1/1913,"Marshall, MI",,
564,"White, J. Edson","White, W.C.",9/1/1913,"Marshall, MI",,
565,"White, W.C.","White, J. Edson",9/1/1913,"Sanitarium, CA",,
566,"White, J. Edson","White, W.C.",10/1/1913,"Marshall, MI",,
567,"White, J. Edson","White, W.C.",12/1/1913,"Marshall, MI",,
568,"White, W.C.","White, J. Edson",13/01/1913,"Sanitarium, CA",,
569,"White, W.C.","White, J. Edson",15/01/1913,"Sanitarium, CA",,
570,"White, J. Edson","White, W.C.",15/01/1913,"Marshall, MI",,
571,"White, J. Edson","White, W.C.",16/01/1913,"Marshall, MI",,
572,Southern Publ Assn,"White, J. Edson",17/01/1913,"Nashville, TN",,
573,Southern Publ Assn,"White, J. Edson",17/01/1913,"Nashville, TN",,
574,Southern Publ Assn,"White, J. Edson",15/01/1913,"Nashville, TN",,
575,"White, J. Edson","White, W.C.",17/01/1913,"Marshall, MI",,
576,"White, J. Edson","White, W.C.",20/01/1913,"Marshall, MI",,
577,"White, J. Edson","White, W.C.",23/01/1913,"Marshall, MI",,
578,"White, W.C.","White, J. Edson",25/01/1913,"Sanitarium, CA",,
579,"White, J. Edson","White, W.C.",27/01/1913,"Marshall, MI",,
580,"White, J. Edson","White, W.C.",29/01/1913,"Marshall, MI",,
581,"White, J. Edson","White, W.C.",4/2/1913,"Marshall, MI",,
582,"White, J. Edson","White, W.C.",5/2/1913,"Marshall, MI",,
583,"White, J. Edson","White, W.C.",6/2/1913,"Marshall, MI",,
584,"White, J. Edson","White, Mrs E.G.",16/02/1913,"Marshall, MI",,
585,"White, J. Edson","Board, Southern Publ Assn",22/02/1913,"Marshall, MI",,
586,"White, J. Edson","White, W.C.",28/02/1913,"Marshall, MI",,
587,"White, J. Edson","White, W.C.",3/3/1913,"Marshall, MI",,
588,"White, J. Edson","White, W.C.",5/3/1913,"Marshall, MI",,
589,"White, J. Edson","White, Mrs E.G.",7/3/1913,"Marshall, MI",,
590,"White, J. Edson","White, W.C.",7/3/1913,"Marshall, MI",,
591,"White, J. Edson","White, W.C.",10/3/1913,"Marshall, MI",,
592,"White, J. Edson","White, W.C.",11/3/1913,"Marshall, MI",,
593,"White, J. Edson","White, W.C.",13/03/1913,"Marshall, MI",,
594,"White, J. Edson","White, W.C.",15/03/1913,"Marshall, MI",,
595,"White, J. Edson",Southern Publ. Assn,20/03/1913,,,
596,Southern Publ Assn,"White, J. Edson",13/03/1913,"Nashville, TN",,
597,"White, J. Edson",Southern Publ. Assn,20/03/1913,,,
598,Southern Publ Assn,"White, J. Edson",13/03/1913,"Nashville, TN",,
599,"White, J. Edson","White, W.C.",20/03/1913,"Marshall, MI",,
600,"White, J. Edson","White, W.C.",23/03/1913,"Marshall, MI",,
601,"White, J. Edson","Robinson, Dores E.",25/03/1913,"Marshall, MI",,
602,"White, J. Edson","White, W.C.",25/03/1913,"Marshall, MI",,
603,"White, J. Edson","White, W.C.",26/03/1913,"Marshall, MI",,
604,"White, W.C.","Statement ""Coming King""",23/03/1913,,,
605,"White, J. Edson","White, W.C.",3/4/1913,"Marshall, MI",,
606,"White, J. Edson","White, Mrs E.G.",3/4/1913,"Marshall, MI",,
607,"White, J. Edson","White, W.C.",16/04/1913,"Marshall, MI",,
608,"White, J. Edson","White, W.C.",17/04/1913,"Marshall, MI",,
609,"White, J. Edson","White, W.C.",11/4/1913,"Marshall, MI",,
610,,Southern Publ. Assn,18/04/1913,,,
611,,Southern Publ. Assn,25/04/1913,,,
612,Southern Publ Assn,"White, J. Edson",22/04/1913,"Nashville, TN",,
613,"White, J. Edson",Southern Publ. Assn,25/04/1913,,,
614,"White, J. Edson","White, W.C.",25/04/1913,"Marshall, MI",,
615,,Meeting Minutes,15/02/1913,,,
616,"White, J. Edson","White, W.C.",25/04/1913,"Marshall, MI",,
617,"White, J. Edson","White, W.C.",28/04/1913,"Marshall, MI",,
618,"White, J. Edson",Review & Herald Publ Assn,27/04/1913,"Marshall, MI",,
619,"White, J. Edson","White, W.C.",28/04/1913,"Marshall, MI",,
620,"White, J. Edson",Southern Publ. Assn,1/5/1913,,,
621,Southern Publ Assn,"White, J. Edson",28/04/1913,"Nashville, TN",,
622,Hatch & Smith,At the request…,6/5/1913,"Marshall, MI",,
623,"White, J. Edson","White, Mrs E.G.",9/5/1913,"Marshall, MI",,
624,"White, J. Edson","White, W.C.",12/5/1913,"Marshall, MI",,
625,"White, J. Edson","White, W.C.",13/05/1913,"Marshall, MI",,
626,"White, J. Edson","White, W.C.",14/05/1913,Train to Toledo,,
627,"White, J. Edson","White, W.C.",15/05/1913,"Battle Creek, MI",,
628,"White, J. Edson","White, W.C. (Day Letter)",15/05/1913,"Battle Creek, MI",,
629,"White, J. Edson","White, W.C.",19/05/1913,"Marshall, MI",,
630,"White, J. Edson","White, W.C.",20/05/1913,"Marshall, MI",,
631,"White, J. Edson","White, W.C.",22/05/1913,"Marshall, MI",,
632,"White, J. Edson",Southern Publ. Assn,22/05/1913,,,
633,Southern Publ Assn,"White, J. Edson",20/05/1913,"Nashville, TN",,
634,"White, J. Edson",Southern Publ. Assn,23/05/1913,"Marshall, MI",,
635,"White, J. Edson","White, W.C.",25/05/1913,"Marshall, MI",,
636,"White, J. Edson","White, W.C.",25/05/1913,"Marshall, MI",,
637,"White, J. Edson","White, W.C.",27/05/1913,"Marshall, MI",,
638,"White, J. Edson",Southern Michigan Paper Co,27/05/1913,,,
639,"White, J. Edson",Southern Publ. Assn,27/05/1913,,,
640,"White, J. Edson","White, W.C.",28/05/1913,"Marshall, MI",,
641,"White, J. Edson","White, W.C. (Telegram)",30/05/1913,"Marshall, MI",,
642,"White, J. Edson","White, Mrs E.G.",30/05/1913,"Marshall, MI",,
643,Southern Publ Assn,"White, J. Edson",2/6/1913,"Nashville, TN",,
644,"White, J. Edson","White, Mrs E.G.",4/6/1913,"Washington, DC",,
645,"White, J. Edson",Southern Publ. Assn,10/6/1913,,,
646,"White, J. Edson","White, W.C.",11/6/1913,"Marshall, MI",,
647,"White, J. Edson",Payments for June,,,,
648,"White, J. Edson","White, W.C.",12/6/1913,"Marshall, MI",,
649,Southern Publ Assn,Review & Herald Publ Assn,12/6/1913,"Nashville, TN",,
650,"White, J. Edson","White, W.C.",22/06/1913,"Marshall, MI",,
651,"White, J. Edson",Southern Publ. Assn,22/06/1913,,,
652,Southern Publ Assn,"White, J. Edson",19/06/1913,"Nashville, TN",,
653,"White, J. Edson","White, W.C.",26/06/1913,"Marshall, MI",,
654,"White, J. Edson","White, W.C.",26/06/1913,"Marshall, MI",,
655,"White, J. Edson","White, W.C.",30/06/1913,"Marshall, MI",,
656,"White, J. Edson","Robinson, Dores E.",30/06/1913,"Marshall, MI",,
657,"White, J. Edson",Southern Publ. Assn,1/7/1913,,,
658,Southern Publ. Assn,"White, J. Edson",27/06/1913,"Nashville, TN",,
659,"White, J. Edson","White, Mrs E.G.",3/7/1913,"Marshall, MI",,
660,"White, J. Edson","White, W.C.",3/7/1913,"Marshall, MI",,
661,"White, J. Edson","Robinson, D.E.",4/7/1913,"Marshall, MI",,
662,"White, J. Edson","White, W.C.",8/7/1913,"Marshall, MI",,
663,"White, J. Edson","White, W.C.",10/7/1913,"Marshall, MI",,
664,"White, J. Edson","Robinson, D.E.",11/7/1913,"Marshall, MI",,
665,"White, J. Edson","White, W.C.",11/7/1913,"Marshall, MI",,
666,"White, J. Edson","Robinson, D.E.",17/07/1913,"Marshall, MI",,
667,"White, J. Edson","White, W.C.",22/07/1913,"Marshall, MI",,
668,"White, J. Edson","Robinson, D.E.",23/07/1913,"Marshall, MI",,
669,"White, J. Edson","White, W.C.",23/07/1913,"Marshall, MI",,
670,"White, J. Edson",Southern Publ. Assn,25/07/1913,,,
671,"White, J. Edson","White, W.C.",25/07/1913,"Marshall, MI",,
672,"White, J. Edson",Southern Publ. Assn,28/07/1913,,,
673,"White, J. Edson","White, W.C.",30/07/1913,"Marshall, MI",,
674,"White, J. Edson","White, W.C.",8/8/1913,"Marshall, MI",,
675,"White, J. Edson",Southern Publ. Assn,11/8/1913,,,
676,Southern Publ. Assn,"White, J. Edson",8/8/1913,"Nashville, TN",,
677,"White, J. Edson",Southern Publ. Assn,12/8/1913,,,
678,"White, J. Edson","White, W.C.",12/8/1913,"Marshall, MI",,
679,"White, J. Edson","White, Mrs E.G.",14/08/1913,"Marshall, MI",,
680,"White, J. Edson","White, W.C.",15/08/1913,"Marshall, MI",,
681,"White, J. Edson","White, W.C.",25/08/1913,"Marshall, MI",,
682,"White, J. Edson","White, W.C.",28/08/1913,"Marshall, MI",,
683,"White, J. Edson","White, W.C.",29/08/1913,"Marshall, MI",,
684,"Colcord, W.A.",Regarding the criticisms,,,,
685,"White, J. Edson","White, W.C.",29/08/1913,"Marshall, MI",,
686,"White, J. Edson",Southern Publ. Assn,8/9/1913,,,
687,Southern Publ. Assn,"White, J. Edson",5/9/1913,"Nashville, TN",,
688,"White, J. Edson","White, Mrs E.G.",9/9/1913,"Marshall, MI",,
689,"White, J. Edson","White, W.C.",9/9/1913,"Marshall, MI",,
690,"White, J. Edson","White, W.C.",10/9/1913,"Marshall, MI",,
691,"White, J. Edson","White, W.C.",11/9/1913,"Marshall, MI",,
692,"White, J. Edson","Olson, O.A.",11/9/1913,"Marshall, MI",,
693,"White, J. Edson","White, W.C.",23/09/1913,"Marshall, MI",,
694,"White, J. Edson",Southern Publ. Assn,20/09/1913,,,
695,"White, J. Edson",Southern Publ. Assn,1/10/1913,,,
696,"White, J. Edson","White, W.C.",16/10/1913,"Marshall, MI",,
697,"White, J. Edson","White, Mrs E.G.",23/10/1913,"Marshall, MI",,
698,"White, J. Edson","White, W.C.",23/10/1913,"Marshall, MI",,
699,"White, J. Edson","White, Mrs E.G.",23/10/1913,"Marshall, MI",,
700,"White, J. Edson","White, W.C.",30/10/1913,"Marshall, MI",,
701,"White, J. Edson","Mason, A.H.",4/11/1913,"Marshall, MI",,
702,"White, J. Edson","White, W.C.",5/11/1913,"Marshall, MI",,
703,Southern Publ. Assn,"White, J. Edson",11/11/1913,"Nashville, TN",,
704,Southern Publ. Assn,"White, J. Edson",13/11/1913,"Fort Worth, TX",,
705,"White, J. Edson",Southern Publ. Assn,16/11/1913,,,
706,"White, J. Edson","White, W.C.",21/11/1913,"Marshall, MI",,
707,"White, J. Edson","White, W.C.",11/12/1913,"Marshall, MI",,
708,"White, J. Edson","White, W.C.",12/12/1913,"Marshall, MI",,
709,"White, J. Edson","White, W.C.",7/1/1914,"Marshall, MI",,
710,"White, J. Edson",Southern Publ. Assn,24/12/1913,,,
711,,WC White says…,15/12/1913,,,
712,"White, J. Edson","White, W.C.",26/12/1913,"Marshall, MI",,
713,"White, J. Edson","White, W.C.",29/12/1913,"Marshall, MI",,
714,"White, J. Edson","White, W.C.",31/12/1913,"Marshall, MI",,
715,"White, J. Edson","White, W.C.",3/1/1914,"Marshall, MI",,
716,"White, W.C.","White, J. Edson",4/1/1914,"Sanitarium, CA",,
717,"White, W.C.","White, J. Edson",8/1/1914,"Sanitarium, CA",,
718,"White, J. Edson",,9/1/1914,"Marshall, MI",,
719,"White, W.C.","White, J. Edson",11/1/1914,"Sanitarium, CA",,
720,"White, J. Edson","White, W.C.",14/01/1914,"Marshall, MI",,
721,"White, J. Edson","White, W.C.",16/01/1914,"Marshall, MI",,
722,"White, J. Edson","White, W.C.",19/01/1914,"Marshall, MI",,
723,"White, J. Edson","White, W.C.",20/01/1914,"Marshall, MI",,
724,"White, J. Edson","White, W.C.",20/01/1914,"Marshall, MI",,
725,"White, W.C.","White, J. Edson",22/01/1914,,,
726,"White, W.C.","White, J. Edson",22/01/1914,"Sanitarium, CA",,
727,"White, J. Edson","White, W.C.",23/01/1914,"Marshall, MI",,
728,"White, J. Edson","White, W.C.",27/01/1914,"Marshall, MI",,
729,"White, J. Edson","White, W.C.",28/01/1914,"Marshall, MI",,
730,"White, J. Edson",Pacific Press Pub. Assn,28/01/1914,"Marshall, MI",,
731,"White, W.C.","White, J. Edson",29/01/1914,"Sanitarium, CA",,
732,"White, W.C.","White, J. Edson",29/01/1914,"Sanitarium, CA",,
733,"White, J. Edson","White, W.C.",30/01/1914,"Marshall, MI",,
734,"White, J. Edson","White, W.C.",30/01/1914,"Marshall, MI",,
735,"White, J. Edson","White, W.C.",30/01/1914,"Marshall, MI",,
736,"Spalding, A.W.","Mason, A.H.",30/01/1914,"Marshall, MI",,
737,"White, J. Edson","White, W.C.",2/2/1914,"Marshall, MI",,
738,"White, W.C.","White, J. Edson",2/2/1914,"Sanitarium, CA",,
739,"White, J. Edson","White, W.C.",3/2/1914,"Marshall, MI",,
740,Pacific Press Pub. A,"White, J. Edson",3/2/1914,,,
741,"White, J. Edson","White, W.C.",5/2/1914,"Marshall, MI",,
742,"White, W.C.","White, J. Edson",5/2/1914,"Sanitarium, CA",,
743,"White, J. Edson","White, W.C.",6/2/1914,"Marshall, MI",,
744,"White, J. Edson","White, Mrs E.G.",9/2/1914,"Marshall, MI",,
745,"White, J. Edson","White, W.C.",10/2/1914,"Marshall, MI",,
746,"White, W.C.","White, J. Edson",12/2/1914,"Sanitarium, CA",,
747,"Bransby, Carlos","Jones, C.H.",7/2/1914,"Berkeley, CA",,
748,Pacific Press Pub. A,"Bransby, Carlos",12/2/1914,,,
749,"Jones, C.H.","White, J. Edson",16/02/1914,,,
750,"White, J. Edson","White, W.C.",17/02/1914,"Marshall, MI",,
751,"White, J. Edson","Mason, A.H.",18/02/1914,"Marshall, MI",,
752,"White, J. Edson","White, Mrs E.G.",18/02/1914,"Marshall, MI",,
753,"White, J. Edson","White, W.C.",18/02/1914,"Marshall, MI",,
754,"White, W.C.","White, J. Edson",18/02/1914,"Sanitarium, CA",,
755,"White, W.C.","White, J. Edson",18/02/1914,"Sanitarium, CA",,
756,"White, J. Edson","White, W.C.",20/02/1914,"Marshall, MI",,
757,"White, W.C.","White, J. Edson",23/02/1914,"Sanitarium, CA",,
758,"White, J. Edson","White, W.C.",24/02/1914,"Marshall, MI",,
759,"White, J. Edson","White, W.C.",25/02/1914,"Marshall, MI",,
760,"White, W.C.","White, J. Edson",25/02/1914,"Sanitarium, CA",,
761,"White, J. Edson",Southern Publ. Assn,2/3/1914,,,
762,Southern Pub. Assn,"White, J. Edson",24/02/1914,"Nashville, TN",,
763,"White, J. Edson","White, W.C.",4/3/1914,"Marshall, MI",,
764,"White, J. Edson",Southern Publ. Assn,9/3/1914,,,
765,Southern Pub. Assn,"White, J. Edson",5/3/1914,"Nashville, TN",,
766,"White, J. Edson","White, W.C.",13/03/1914,"Marshall, MI",,
767,"White, J. Edson","White, W.C.",16/03/1914,"Marshall, MI",,
768,"White, W.C.","White, J. Edson",22/03/1914,"Sanitarium, CA",,
769,"White, J. Edson","White, Mrs E.G.",24/03/1914,"Marshall, MI",,
770,"White, J. Edson",Southern Publ. Assn,23/03/1914,,,
771,Southern Pub. Assn,"White, J. Edson",24/03/1914,"Nashville, TN",,
772,"White, J. Edson","White, W.C.",27/03/1914,"Marshall, MI",,
773,"White, J. Edson","White, W.C.",3/4/1914,"Sanitarium, CA",,
774,"White, J. Edson","White, W.C.",6/4/1914,"Jackson, MS",,
775,"White, J. Edson","Spalding, A.W.",6/4/1914,"Jackson, MS",,
776,"White, W.C.","White, J. Edson",6/4/1914,"Sanitarium, CA",,
777,"White, J. Edson","White, W.C.",00/04/1914,"Loma Linda, CA",,
778,"White, J. Edson","White, W.C.",13/04/1914,"Los Angeles, CA",,
779,"White, J. Edson","White, W.C.",3/5/1914,"Sanitarium, CA",,
780,"White, J. Edson","Bollman, C.P.",8/5/1914,"Sanitarium, CA",,
781,"White, J. Edson","Palmer, P.E.",8/5/1914,"Sanitarium, CA",,
782,"White, J. Edson","Leitzman, Mrs R.",8/5/1914,"Sanitarium, CA",,
783,"White, J. Edson","White, W.C.",11/5/1914,"Sanitarium, CA",,
784,"White, J. Edson",Statement regarding Finances,,,,
785,"White, J. Edson",Bill of Sale,,,,
786,"White, J. Edson",Bill of Sale,,,,
787,"White, J. Edson",Bill of Sale,,,,
788,"White, J. Edson","White, W.C.",14/05/1914,"Ogden/Omaha, NE",,
789,"White, W.C.","White, J. Edson",15/05/1914,"Sanitarium, CA",,
790,"White, J. Edson","White, W.C.",15/05/1914,"Omaha, NE",,
791,"White, J. Edson","White, W.C.",22/05/1914,"Marshall, MI",,
792,"White, J. Edson","Wilcox, F.M.",22/05/1914,"Marshall, MI",,
793,"White, W.C.","White, J. Edson",22/05/1914,"Sanitarium, CA",,
794,"White, J. Edson","White, W.C.",25/05/1914,"Marshall, MI",,
795,"White, J. Edson","Mason, A.H.",27/05/1914,"Marshall, MI",,
796,"White, J. Edson","White, Mrs E.G.",27/05/1914,"Marshall, MI",,
797,"White, W.C.","White, J. Edson",28/05/1914,"Sanitarium, CA",,
798,"White, J. Edson","White, W.C.",2/6/1914,"Marshall, MI",,
799,"White, J. Edson","Mason, A.H.",3/6/1914,"Marshall, MI",,
800,"White, J. Edson","White, Mrs E.G.",4/6/1914,"Marshall, MI",,
801,"White, W.C.","White, J. Edson",7/6/1914,"Sanitarium, CA",,
802,"White, J. Edson","White, W.C.",15/06/1914,"Marshall, MI",,
803,"White, W.C.","White, J. Edson",17/06/1914,"Sanitarium, CA",,
804,"White, J. Edson","White, W.C.",19/06/1914,"Marshall, MI",,
805,"White, J. Edson","White, W.C.",19/06/1914,"Marshall, MI",,
806,"White, J. Edson","White, W.C.",22/06/1914,"Marshall, MI",,
807,"White, J. Edson","White, Mrs E.G.",23/06/1914,"Marshall, MI",,
808,"White, W.C.","White, J. Edson",23/06/1914,"Sanitarium, CA",,
809,"White, J. Edson","White, W.C.",23/06/1914,"Marshall, MI",,
810,"White, J. Edson","White, W.C.",23/06/1914,"Marshall, MI",,
811,"White, J. Edson","White, W.C.",26/06/1914,"Marshall, MI",,
812,"White, J. Edson",Review & Herald,26/06/1914,"Marshall, MI",,
813,"White, W.C.","White, J. Edson",29/06/1914,,,
814,"White, J. Edson","White, W.C.",29/06/1914,"Marshall, MI",,
815,"White, J. Edson","White, W.C.",1/7/1914,"Marshall, MI",,
816,"White, J. Edson","Mason, A.H.",3/7/1914,"Marshall, MI",,
817,"White, W.C.","White, J. Edson",3/7/1914,"Elmshaven, CA",,
818,"White, J. Edson","White, W.C.",6/7/1914,"Marshall, MI",,
819,"White, J. Edson","White, W.C.",8/7/1914,"Marshall, MI",,
820,"White, J. Edson","White, W.C.",9/7/1914,"Marshall, MI",,
821,"White, J. Edson","White, W.C.",12/7/1914,"Marshall, MI",,
822,"White, J. Edson","White, W.C.",14/07/1914,"Marshall, MI",,
823,Nashville Book Co.,Dear Friend,15/07/1914,"Marshall, MI",,
824,"White, J. Edson","White, W.C.",20/07/1914,"Marshall, MI",,
825,"White, J. Edson","Mason, A.H.",22/07/1914,"Marshall, MI",,
826,"White, J. Edson","White, Mrs E.G.",26/07/1914,"Marshall, MI",,
827,"White, J. Edson","White, W.C.",26/07/1914,"Marshall, MI",,
828,"White, J. Edson","White, W.C.",27/07/1914,"Marshall, MI",,
829,"White, J. Edson","White, Mrs E.G.",30/07/1914,"Marshall, MI",,
830,"White, J. Edson","White, W.C.",30/07/1914,"Marshall, MI",,
831,"White, J. Edson",Southern Pub. Assn,30/07/1914,"Marshall, MI",,
832,"White, W.C.","White, J. Edson",31/07/1914,"Sanitarium, CA",,
833,"White, W.C.","White, J. Edson",3/8/1914,"Sanitarium, CA",,
834,"White, J. Edson","White, W.C.",5/8/1914,"Marshall, MI",,
835,"White, J. Edson","Robinson, D.E.",7/8/1914,"Marshall, MI",,
836,"White, J. Edson","White, Mrs E.G.",11/8/1914,"Marshall, MI",,
837,"White, W.C.","White, J. Edson",14/08/1914,"Sanitarium, CA",,
838,"White, J. Edson","White, W.C.",25/08/1914,"Marshall, MI",,
839,"White, J. Edson","White, Mrs E.G.",25/08/1914,"Marshall, MI",,
840,"White, J. Edson","White, W.C.",28/08/1914,"Marshall, MI",,
841,"White, W.C.","White, J. Edson",30/08/1914,"Sanitarium, CA",,
842,"White, J. Edson","White, W.C.",3/9/1914,"Marshall, MI",,
843,"White, W.C.","White, J. Edson",4/9/1914,"Elmshaven, CA",,
844,"White, J. Edson","White, W.C.",4/9/1914,"Marshall, MI",,
845,"White, J. Edson","White, W.C.",6/9/1914,"Marshall, MI",,
846,"White, J. Edson","White, W.C.",9/9/1914,"Marshall, MI",,
847,"White, W.C.","White, J. Edson",11/9/1914,"Sanitarium, CA",,
848,"White, J. Edson","White, Mrs E.G.",19/09/1914,"Washington, DC",,
849,"White, J. Edson","White, W.C.",20/09/1914,"Washington, DC",,
850,"White, J. Edson",Southern Pub. Assn,30/09/1914,"Washington, DC",,
851,"White, W.C.","White, J. Edson",1/10/1914,"Sanitarium, CA",,
852,"White, J. Edson","White, W.C.",11/10/1914,New York City,,
853,"White, J. Edson","White, W.C.",17/10/1914,New York City,,
854,"White, J. Edson","White, W.C.",21/10/1914,"Marshall, MI",,
855,"White, J. Edson","White, W.C.",22/10/1914,"Marshall, MI",,
856,"White, J. Edson",Signs Publ. Company,25/10/1914,,,
857,"White, J. Edson","White, Mrs E.G.",26/10/1914,"Marshall, MI",,
858,"White, J/Colcord, W","White, W.C.",10/11/1914,"Washington, DC",,
859,"White, J. Edson","White, W.C.",13/11/1914,"Nashville, TN",,
860,"White, J. Edson","White, W.C.",13/11/1914,"Marshall, MI",,
861,"White, J. Edson","Palmer, E.R.",25/11/1914,"Nashville, TN",,
862,"White, J. Edson",Upon the payment…,26/11/1914,"Nashville, TN",,
863,"White, J. Edson","White, W.C.",26/11/1914,"Marshall, MI",,
864,"White, J. Edson","White, W.C.",29/11/1914,"Marshall, MI",,
865,"White, J. Edson","White, W.C.",30/11/1914,"Marshall, MI",,
866,"White, W.C.","White, J. Edson",1/12/1914,"Nashville, TN",,
867,"White, J. Edson","White, W.C.",2/12/1914,"Marshall, MI",,
868,"White, J. Edson","Mason, A.H.",2/12/1914,"Marshall, MI",,
869,"White, J. Edson","White, W.C.",2/12/1914,"Marshall, MI",,
870,"White, J. Edson","White, W.C.",3/12/1914,"Marshall, MI",,
871,"White, J. Edson","White, W.C.",4/12/1914,"Marshall, MI",,
872,"White, W.C.","White, J. Edson",8/12/1914,"Nashville, TN",,
873,"White, W.C.","White, J. Edson",8/12/1914,"Nashville, TN",,
874,"White, W.C.","White, J. Edson",8/12/1914,"Nashville, TN",,
875,"White, J. Edson","White, W.C.",8/12/1914,"Marshall, MI",,
876,"White, J. Edson","White, W.C.",9/12/1914,"Marshall, MI",,
877,"White, W.C.","White, J. Edson",9/12/1914,"Madison, TN",,
878,"White, J. Edson","White, W.C.",10/12/1914,"Marshall, MI",,
879,"White, J. Edson","White, W.C.",11/12/1914,"Marshall, MI",,
880,"White, J. Edson",Review & Herald Pub Assn,13/12/1914,"Marshall, MI",,
881,"White, J. Edson","White, W.C.",14/12/1914,"Marshall, MI",,
882,"White, J. Edson","White, W.C.",15/12/1914,"Marshall, MI",,
883,"White, W.C.","White, J. Edson",15/12/1914,"Madison, TN",,
884,"White, J. Edson","Mason, A.H.",16/12/1914,"Marshall, MI",,
885,"White, W.C.","Colcord, W.A.",16/12/1914,"Madison, TN",,
886,"White, W.C.","White, J. Edson",16/12/1914,"Madison, TN",,
887,"White, W.C.","White, J. Edson",17/12/1914,"Madison, TN",,
888,"Palmer, E.R.","White, J. Edson",17/12/1914,,,
889,"White, J. Edson","White, W.C.",18/12/1914,"Marshall, MI",,
890,"White, J. Edson","White, W.C.",24/12/1914,"Marshall, MI",,
891,"White, W.C.","White, J. Edson",25/12/1914,"Madison, TN",,
892,"White, J. Edson","White, W.C.",28/12/1914,"Marshall, MI",,
893,"White, J. Edson","White, Mrs E.G.",30/12/1914,"Marshall, MI",,
894,,JE White in A/c with EGW,8/12/1914,"Nashville, TN",,
895,,WC White Special,1/4/1915,,,
896,,A/c of JE White,1914,,,
897,"White, J. Edson","White, W.C.",1/7/1914,"Marshall, MI",,
898,"White, J. Edson","White, W.C.",7/1/1915,"Marshall, MI",,
899,"White, J. Edson","White, W.C.",8/1/1915,"Marshall, MI",,
900,"White, J. Edson","White, W.C.",1/12/1015,"Marshall, MI",,
901,"White, J. Edson","White, W.C.",10/1/1915,"Marshall, MI",,
902,"White, W.C.","White, J.E.",1/13/1915,,,
903,"White, J. Edson","White, W.C.",1/15/1915,"Marshall, MI",,
904,"White, W.C.","White, J.E.",1/16/1915,"Madison, TN",,duplicate
905,"White, J. Edson","White, W.C.",1/20/1915,"Marshall, MI",,
906,"White, W.C.","White, J.E.",1/23/1915,"Boulder, CO",,
907,"White, W.C.",Brother Edson,1/26/1915,"Summit, CA",,
908,"White, J. Edson","White, W.C.",1/28/1915,"Marshall, MI",,
909,"White, W.C.",Brother Edson,4/2/1915,"Sanitarium, CA",,
910,"Robinson, D.E.","White, J.E.",2/10/1015,"Sanitarium, CA",,
911,"White, J. Edson","White, W.C.",12/2/1915,"Marshall, MI",,
912,"White, W.C.",Sabbath morning…,2/15/1915,,,telegram
913,"White, W.C.","White, J.E.",2/15/1915,,,telegram
914,"White, J. Edson","White, W.C.",2/17/1915,"Marshall, MI",,
915,"White, W.C.","White, J.E.",2/17/1915,"Elmshaven, CA",,
916,"White, W.C.","White, J.E.",2/18/1915,"Elmshaven, CA",,
917,"White, W.C.","White, J.E.",2/22/1915,"Elmshaven, CA",,
918,"White, J. Edson",Dear Mother,2/23/1915,"Marshall, MI",,
919,"White, W.C.","White, J.E.",2/26/1915,"Elmshaven, CA",,
920,"White, W.C.","White, J.E.",1/3/1915,"Elmshaven, CA",,
921,"White, J. Edson","White, W.C.",3/3/1915,"Marshall, MI",,
922,"White, W.C.","White, J.E.",5/3/1915,"Elmshaven, CA",,
923,"White, J. Edson","White, W.C.",8/3/1915,"Marshall, MI",,
924,"White, W.C.","White, J.E.",12/3/1915,"Sanitarium, CA",,
925,"White, J. Edson","White, Mrs E.G.",3/16/1915,"Marshall, MI",,
926,"White, J. Edson","White, W.C.",3/16/1915,"Marshall, MI",,
927,"White, W.C.","White, J.E.",3/18/1915,"Sanitarium, CA",,
928,"White, W.C.","White, J.E.",3/19/1915,"Sanitarium, CA",,
929,"White, W.C.","White, J.E.",3/21/1915,"Sanitarium, CA",,
930,"White, J. Edson","White, W.C.",3/26/1915,"Marshall, MI",,
931,"White, J. Edson","White, W.C.",3/26/1915,"Marshall, MI",,
932,"White, J. Edson","White, W.C.",3/29/1915,"Marshall, MI",,
933,"White, J. Edson",Pacific Press Pub. Asso.,1/4/1915,"Marshall, MI",,
934,"White, W.C.","White, J.E.",2/4/1915,"Sanitarium, CA",,
935,"White, J. Edson","White, W.C.",7/4/1915,"Marshall, MI",,
936,"White, J. Edson","White, W.C.",7/4/1915,"Marshall, MI",,
937,"White, W.C.","White, J.E.",8/4/1915,"Sanitarium, CA",,
938,"White, J. Edson","White, W.C.",11/4/1915,"Marshall, MI",,
939,"White, J. Edson",Pacific Press Pub. Asso.,11/4/1915,"Marshall, MI",,
940,"White, W.C.","White, J.E.",4/13/1915,"Sanitarium, CA",,
941,"White, J. Edson","White, W.C.",4/13/1915,"Marshall, MI",,
942,"White, W.C.","White, J.E.",4/17/1915,"Sanitarium, CA",,duplicate
943,"White, J. Edson","White, W.C.",4/19/1915,"Marshall, MI",,
944,"White, J. Edson","White, W.C.",4/21/1915,"Marshall, MI",,
945,"White, J. Edson",Southern Publishing Assoc,4/21/1915,,,
946,Nashville Book Co,Southern Publishing Assoc,4/19/1915,,,
947,"White, J. Edson",Southern Publishing Assoc,9/3/1915,,,
948,Nashville Book Co,Nashville Book Company…,,,,
949,"White, W.C.","White, J.E.",4/23/1915,"Sanitarium, CA",,
950,"White, W.C.","White, J.E.",4/27/1915,"Sanitarium, CA",,
951,"White, W.C.","White, J.E.",12/5/1915,"Sanitarium, CA",,
952,"White, W.C.","White, J.E.",5/13/1915,"Sanitarium, CA",,duplicate
953,"White, J. Edson","White, W.C.",5/19/1915,"Marshall, MI",,
954,"White, W.C.","White, J.E.",5/23/1915,"Sanitarium, CA",,
955,"White, J. Edson","Mason, A.H.",7/6/1915,"Marshall, MI",,
956,"White, W.C.","White, J.E.",8/6/1915,"Sanitarium, CA",,
957,"White, J.E. & secretary",Southern Publishing Assoc,6/14/1915,"Marshall, MI",,
958,"Palmer, E.R.","White, J.E.",6/17/1915,Review & Herald,,
959,"White, J. Edson",Southern Publishing Assoc,6/18/1915,,,
960,"White, J. Edson","White, W.C.",6/20/1915,"Marshall, MI",,
961,"White, J. Edson","White, W.C.",6/25/1915,"Marshall, MI",,
962,"White, J. Edson","White, W.C.",6/30/1915,"Marshall, MI",,
963,"White, J. Edson","White, W.C.",5/7/1915,"Marshall, MI",,
964,"White, W.C.",Brother Edson,8/7/1915,"Sanitarium, CA",,
965,"White, W.C.",Brother Edson,10/7/1915,"Sanitarium, CA",,
966,"White, W.C.",Brother Edson,12/7/1915,"Sanitarium, CA",,
967,"White, J. Edson","White, W.C.",7/15/1915,"Marshall, MI",,
968,"White, W.C.","White, J.E.",7/16/1915,"Sanitarium, CA",,
969,"White, J. Edson","White, W.C.",7/20/1915,"Marshall, MI",,
970,"White, W.C.","White, J.E.",Jul-15,"Marshall, MI",,telegram
971,"White, J. Edson","White, W.C.",1/8/1915,"Marshall, MI",,
972,"White, J. Edson","Mason, A.H.",12/8/1915,"Marshall, MI",,
973,"White, J. Edson","Mason, A.H.",8/31/1915,"Marshall, MI",,
974,"White, W.C.",Brother Edson,8/31/1915,"Sanitarium, CA",,
975,"White, J. Edson","Wilcox, Wilbert",1/9/1915,"Marshall, MI",,
976,"White, J. Edson",W.C.W.,1/9/1915,,,
977,"White, J. Edson","White, W.C.",1/9/1915,"Marshall, MI",,
978,"White, J. Edson","White, W.C.",9/13/1915,"Marshall, MI",,
979,"White, W.C.","White, J.E.",8/9/1915,,,duplicate
980,,Bro AH Mason & Sara McEnt…,9/17/1915,,,
981,"White, J. Edson","Mason, A.H.",9/16/1915,"Marshall, MI",,
982,"White, W.C.","Mason, A.H.",9/17/1915,"Sanitarium, CA",,
983,"White, J. Edson","White, W.C.",9/23/1915,"Marshall, MI",,
984,"White, J. Edson","White, W.C.",10/14/1915,"Marshall, MI",,
985,"White, J. Edson","White, W.C.",10/15/1915,"Marshall, MI",,
986,"White, W.C.","White, J.E.",10/25/1915,"Elmshaven, CA",,
987,"White, J. Edson","White, W.C.",9/11/1915,"Marshall, MI",,duplicate
988,"White, J. Edson","White, W.C.",11/15/1915,"Marshall, MI",,
989,"White, J. Edson","White, W.C.",11/17/1915,"Marshall, MI",,
990,"White, J. Edson","White, W.C.",1/12/1915,"Marshall, MI",,
991,"White, W.C.","White, J.E.",7/12/1915,"Elmshaven, CA",,
992,"White, J. Edson","White, W.C.",9/12/1915,"Marshall, MI",,
993,"White, W.C.","White, J.E.",10/12/1915,"Elmshaven, CA",,
994,"White, J. Edson","White, W.C.",12/14/1915,"Marshall, MI",,
995,"White, J. Edson","White, W.C.",12/12/1915,"Marshall, MI",,
996,"White, J. Edson","Burden, J.A.",12/12/1915,"Marshall, MI",,
997,"White, J. Edson","White, W.C.",12/17/1915,"Marshall, MI",,
998,"White, J. Edson","Burden, J.A.",12/17/1915,"Marshall, MI",,
999,"White, W.C.","White, J.E.",12/23/1915,"Elmshaven, CA",,
1000,"White, J. Edson","White, W.C.",12/23/1915,"Marshall, MI",,
1001,"White, J. Edson","White, W.C.",12/24/1915,"Marshall, MI",,
1002,"White, J. Edson","White, W.C.",12/28/1915,"Marshall, MI",,
1003,"White, W.C.","White, J.E.",12/31/1915,"Elmshaven, CA",,
1004,"White, J. Edson","White, W.C.",10/11/1915,"Marshall, MI",,
1005,"White, J. Edson","White, W.C.",6/1/1916,"Marshall, MI",,
1006,"White, W.C.","White, J.E.",1/14/1916,"Elmshaven, CA",,
1007,"White, J. Edson","White, W.C.",1/16/1916,"Marshall, MI",,telegram
1008,"White, J. Edson","White, W.C.",1/21/1916,"Marshall, MI",,
1009,"White, J. Edson","White, W.C.",4/2/1916,"Marshall, MI",,
1010,"White, J. Edson","White, W.C.",7/2/1916,"Marshall, MI",,
1011,"White, J. Edson","White, W.C.",8/2/1916,"Marshall, MI",,
1012,"White, W.C.","White, J.E.",8/2/1961,"Sanitarium, CA",,
1013,"White, W.C.","White, J.E.",2/16/1916,"Sanitarium, CA",,
1014,"White, J. Edson","White, W.C.",2/18/1916,"Marshall, MI",,
1015,"White, W.C.","White, J.E.",2/22/1916,"Sanitarium, CA",,
1016,"White, J. Edson","White, W.C.",3/3/1916,"Marshall, MI",,
1017,"White, J. Edson","White, W.C.",6/3/1916,"Marshall, MI",,
1018,"White, J. Edson","White, W.C.",7/3/1916,"Marshall, MI",,
1019,"White, J. Edson","White, W.C.",3/13/1916,"Marshall, MI",,
1020,"White, J. Edson","White, W.C.",3/13/1916,"Marshall, MI",,
1021,"White, W.C.","White, J.E.",3/14/1916,"Chicago, IL",,
1022,"White, J. Edson","White, W.C.",3/14/1916,"Battle Creek, MI",,
1023,"White, J. Edson",Dear Brother,3/14/1916,"Marshall, MI",,
1024,"White, J. Edson","White, W.C.",3/16/1916,"Marshall, MI",,
1025,"White, J. Edson","White, W.C.",3/18/1916,"Marshall, MI",,
1026,"White, J. Edson","White, W.C.",3/20/1916,"Marshall, MI",,
1027,"White, J. Edson","White, W.C.",3/20/1916,"Marshall, MI",,
1028,"White, W.C.","White, J.E.",3/21/1916,,,
1029,"White, J. Edson","White, W.C.",3/22/1916,"Marshall, MI",,
1030,"White, W.C.","White, J.E.",3/22/1916,,,duplicate
1031,"White, W.C.","White, J.E.",3/27/1916,,,
1032,"White, J. Edson","White, W.C.",3/29/1916,"New York City, NY",,
1033,"White, J. Edson","White, W.C.",3/30/1916,"New York City, NY",,
1034,"White, J. Edson","White, W.C.",4/21/1916,"New York City, NY",,
1035,"White, J. Edson",Dear Brother,4/24/1916,"New York City, NY",,
1036,"White, J. Edson","White, W.C.",4/25/1916,"New York City, NY",,
1037,"White, J. Edson","White, W.C.",9/5/1916,"Marshall, MI",,
1038,"White, J. Edson","White, W.C.",9/5/1916,"Marshall, MI",,
1039,"White, J. Edson","White, W.C.",9/5/1916,"Marshall, MI",,
1040,"White, J. Edson","White, W.C.",10/5/1916,"Marshall, MI",,
1041,"White, J. Edson","White, W.C.",10/5/1916,"Marshall, MI",,
1042,"White, J. Edson","White, W.C.",11/5/1916,"Marshall, MI",,
1043,"White, W.C.","White, J.E.",12/5/1916,"Chicago, IL",,
1044,"White, J. Edson","White, W.C.",5/17/1916,"Marshall, MI",,
1045,"White, W.C.","White, J.E.",5/17/1916,"Denver, CO",,
1046,"White, J. Edson",Dear Friend,,"Marshall, MI",,
1047,"White, J. Edson","White, W.C.",5/17/1916,"Marshall, MI",,
1048,"White, W.C.","White, J.E.",3/21/1916,,,night letter
1049,"White, W.C.",Brother Edson,?,"Madison, IN",,
1050,"White, W.C.",Brother Edson,3/14/1916,"Chicago, IL",,
1051,"White, W.C.","White, J.E.",2/3/1916,"St Helena, CA",,
1052,Nashville Bk Co Manager,"Knox, W.T.",12/4/1916,"Takoma Park, DC",,
1053,,"Knox, W.T. & Committee",4/16/1916,"Takoma Park, DC",,
1054,"White, J. Edson","Knox, W.T.",,,,
1055,"White, J. Edson","Knox, W.T.",5/20/1916,"Marshall, MI",,
1056,Richmond,"White, J.E.",5/25/1916,"Takoma Park, DC",,notation JEW
1057,"White, J. Edson","Knox, W.T.",5/2?/1916,,,
1058,"White, J. Edson","White, W.C.",5/26/1916,"Marshall, MI",,
1059,"White, J. Edson","White, W.C.",5/22/1916,"Marshall, MI",,
1060,"White, J. Edson","White, W.C.",5/31/1916,"Marshall, MI",,
1061,"White, J. Edson",Review & Herald Pub Assoc,2/6/1916,,,
1062,"White, J. Edson","White, W.C.",6/6/1916,,,
1063,"White, J. Edson","White, W.C.",5/6/1916,"Marshall, MI",,
1064,"White, J. Edson","Mason, A.H.",10/6/1916,"Marshall, MI",,
1065,"White, W.C.","White, J.E.",6/23/1916,"St Helena, CA",,
1066,"White, J. Edson","Mason, A.H.",6/26/1916,"Marshall, MI",,
1067,"White, J. Edson","White, W.C.",6/28/1916,"Marshall, MI",,
1068,"White, J. Edson","White, W.C.",6/26/1916,"Marshall, MI",,
1069,"White, W.C.","White, J.E.",6/7/1916,"St Helena, CA",,
1070,"White, J. Edson","White, W.C.",7/7/1916,"Marshall, MI",,
1071,"White, J. Edson","White, W.C.",12/7/1916,"Marshall, MI",,
1072,"White, J. Edson","White, W.C.",7/25/1916,"Marshall, MI",,
1073,"White, W.C.","White, J.E.",3/8/1916,"St Helena, CA",,
1074,"White, J. Edson","White, W.C.",9/8/1916,"Marshall, MI",,
1075,"White, W.C.","White, J.E.",8/16/1916,"St Helena, CA",,
1076,"White, J. Edson","White, W.C.",8/18/1916,"Marshall, MI",,
1077,"White, W.C.","White, J.E.",8/29/1916,"St Helena, CA",,
1078,"White, J. Edson","White, W.C.",6/9/1916,"Marshall, MI",,
1079,"White, J. Edson","White, W.C.",7/9/1916,"Marshall, MI",,
1080,"White, J. Edson","Burden, J.A.",8/9/1916,,,
1081,"White, J. Edson","White, W.C.",9/13/1916,"Marshall, MI",,
1082,"White, W.C.","White, J.E.",9/14/1916,"St Helena, CA",,
1083,"White, J. Edson","White, W.C.",9/25/1916,"Marshall, MI",,
1084,"White, J. Edson","White, W.C.",6/10/1916,"Marshall, MI",,
1085,"White, J. Edson","White, W.C.",10/15/1916,"Marshall, MI",,
1086,"Daniells, A.G.",The Eastern Question-Spec…,,,,
1087,"White, J. Edson","White, W.C.",11/24/1916,"Marshall, MI",,
1088,"White, W.C.","White, J.E.",11/24/1916,"St Helena, CA",,
1089,"White, W.C.","White, J.E.",8/12/1916,"St Helena, CA",,duplicate
1090,"White, J. Edson","Leitzman, C.G.",12/29/1916,,,
1091,"White, J. Edson","Mason, A.H.",10/6/1916,,,
1092,"White, J. Edson","White, W.C.",3/1/1917,"Marshall, MI",,
1093,"White, J. Edson","Leitzman, C.G.",4/1/1917,,,
1094,"White, J. Edson","White, W.C.",5/1/1917,"Marshall, MI",,
1095,"White, W.C.","White, J.E.",5/1/1917,"St Helena, CA",,
1096,"White, J. Edson","White, W.C.",9/1/1917,"Marshall, MI",,
1097,"White, J. Edson","White, W.C.",9/1/1917,"Battle Creek, MI",,
1098,"White, J. Edson","White, W.C.",10/1/1917,"Marshall, MI",,
1099,"White, W.C.","White, J.E.",10/1/1917,"St Helena, CA",,
1100,"White, W.C.","White, J.E.",11/1/1917,"St Helena, CA",,
1101,"White, W.C.","White, J.E.",1/15/1917,"St Helena, CA",,
1102,"White, W.C.","White, J.E.",1/16/1917,"St Helena, CA",,
1103,"White, J. Edson","White, W.C.",1/17/1917,"Marshall, MI",,
1104,"White, J. Edson","White, W.C.",1/18/1917,"Marshall, MI",,
1105,"White, J. Edson","White, W.C.",1/28/1917,"Marshall, MI",,
1106,"White, J. Edson","Mason, A.H.",8/2/1917,"Marshall, MI",,
1107,"White, W.C.","White, J.E.",3/4/1917,"St Helena, CA",,
1108,"White, J. Edson","White, W.C.",4/27/1917,"Marshall, MI",,
1109,"White, J. Edson","Horton, S.B.",4/27/1917,"Marshall, MI",,
1110,"White, W.C.","White, J.E.",4/29/1917,"Nashville, TN",,
1111,"White, J. Edson","White, W.C.",1/5/1917,"Marshall, MI",,
1112,"White, J. Edson","White, W.C.",5/13/1917,"Marshall, MI",,
1113,"White, J. Edson","White, W.C.",5/16/1917,"Marshall, MI",,duplicate
1114,"White, J. Edson","White, W.C.",5/16/1917,"Marshall, MI",,
1115,"Jones, C.H.","White, J.E.",5/17/1917,"Mountain View, CA",,
1116,"White, J. Edson","White, W.C.",5/17/1917,"Marshall, MI",,
1117,"White, W.C.","White, J.E.",5/20/1917,"Madison, TN",,
1118,"White, J. Edson","White, W.C.",1/6/1917,"Marshall, MI",,
1119,"White, J. Edson","White, W.C.",4/6/1917,"Battle Creek, MI",,
1120,"White, J. Edson","White, W.C.",5/6/1917,"Marshall, MI",,
1121,"White, W.C.",Brother Edson,8/6/1917,"Madison, TN",,
1122,"White, J. Edson","White, W.C.",6/13/1917,"Battle Creek, MI",,
1123,"White, J. Edson","White, W.C.",6/22/1917,"Battle Creek, MI",,
1124,"White, J. Edson","White, W.C.",6/27/1917,"Battle Creek, MI",,
1125,"White, J. Edson","Jones, C.H.",6/27/1917,,,
1126,"White, J. Edson","White, W.C.",6/29/1917,"Battle Creek, MI",,
1127,"White, W.C.",Brother Edson,9/7/1917,"Ooltewah, TN",,
1128,"White, J. Edson","White, W.C.",12/7/1917,,,
1129,"White, J. Edson","White, W.C.",7/13/1917,"Battle Creek, MI",,
1130,"White, J. Edson","White, W.C.",7/17/1917,"Battle Creek, MI",,
1131,"White, W.C.",Brother Edson,7/17/1917,"Enfield, NC",,
1132,"White, J. Edson","White, W.C.",7/18/1917,"Battle Creek, MI",,
1133,"White, J. Edson","White, J.E.",5/8/1917,"Marshall, MI",,
1134,"White, J. Edson",Dear Brother,8/14/1917,"Battle Creek, MI",,
1135,"White, W.C.",Brother Edson,8/14/1917,"Takoma Park, DC",,
1136,"White, J. Edson","White, W.C.",8/15/1917,"Battle Creek, MI",,
1137,"White, J. Edson","White, W.C.",8/15/1917,"Battle Creek, MI",,
1138,"White, J. Edson","White, W.C.",8/19/1917,"Battle Creek, MI",,
1139,"White, J. Edson","White, W.C.",8/20/1917,"Battle Creek, MI",,
1140,"White, W.C.","White, J.E.",8/23/1917,"Takoma Park, DC",,
1141,"White, W.C.",Brother Edson,8/31/1917,"Takoma Park, DC",,
1142,"White, J. Edson","White, W.C.",5/9/1917,"Battle Creek, MI",,
1143,"White, J. Edson","White, W.C.",6/9/1917,"Battle Creek, MI",,
1144,"White, W.C.","White, J.E.",9/9/1917,"Takoma Park, DC",,
1145,"White, J. Edson",Dear Brother,11/9/1917,"Battle Creek, MI",,
1146,"White, J. Edson","White, W.C.",11/9/1917,"Battle Creek, MI",,
1147,"White, J. Edson","White, W.C.",9/20/1917,"Battle Creek, MI",,
1148,"White, W.C.","White, J.E.",9/21/1917,"Takoma Park, DC",,
1149,"White, J. Edson","White, W.C.",9/24/1917,"Battle Creek, MI",,
1150,"White, J. Edson","White, W.C.",1/10/1917,"Battle Creek, MI",,
1151,"White, J. Edson","White, W.C.",1/10/1917,"Battle Creek, MI",,
1152,"White, J. Edson","White, W.C.",2/10/1917,"Battle Creek, MI",,
1153,"White, J. Edson","White, W.C.",4/10/1917,"Battle Creek, MI",,duplicate
1154,"White, J. Edson","White, W.C.",4/10/1917,"Battle Creek, MI",,
1155,"White, W.C.",Brother Edson,5/10/1917,"Madison, TN",,
1156,"White, W.C.",Brother Edson,7/10/1917,"Madison, TN",,
1157,"White, J. Edson","White, W.C.",8/10/1917,"Battle Creek, MI",,
1158,,JEW Stereopticon Plant Inventory,9/10/1917,,,
1159,"White, J. Edson","White, W.C.",10/16/1917,"Battle Creek, MI",,
1160,"White, W.C.","White, J.E.",10/17/1917,"Madison, TN",,
1161,"White, J. Edson","White, W.C.",10/19/1917,"Battle Creek, MI",,
1162,"White, W.C.","White, J.E.",10/19/1917,"Hinsdale, IL",,
1163,"White, W.C.",Brother Edson,10/22/1917,"Brookfield, IL",,
1164,"White, J. Edson","White, W.C.",10/24/1917,"Battle Creek, MI",,
1165,"White, W.C.",Brother Edson,10/28/1917,"Minneapolis, MN",,
1166,"White, J. Edson","White, W.C.",11/27/1917,"Battle Creek, MI",,
1167,"White, W.C.",Brother Edson,11/12/1917,"St Helena, CA",,
1168,"White, J. Edson","White, W.C.",11/23/1917,"Battle Creek, MI",,
1169,"White, W.C.","White, J.E.",1/1/1918,"St Helena, CA",,
1170,"White, J. Edson","White, W.C.",1/1/1918,"Battle Creek, MI",,
1171,"White, W.C.","White, J.E.",1/18/1918,"St Helena, CA",,
1172,"White, J. Edson","White, W.C.","1/29,1918","Battle Creek, MI",,
1173,"White, W.C.","White, J.E.",2/13/1918,"St Helena, CA",,
1174,"White, J. Edson","White, W.C.",2/28/1918,"Battle Creek, MI",,duplicate
1175,,House plan diagram,,,,
1176,"Gotzian, Josephene","White, J.E.",,,,agreement
1177,"White, J. Edson",Inventory Stereopticon Plant,,,,
1178,"White, J. Edson","White, W.C.",5/4/1918,"Battle Creek, MI",,
1179,"White, W.C.","White, J.E.",1918,"St Helena, CA",,
1180,"White, J. Edson",Dear Brother,4/4/1918,"Battle Creek, MI",,
1181,"White, J. Edson","White, W.C.",8/4/1918,"Battle Creek, MI",,
1182,"White, J. Edson","White, W.C.",9/4/1918,"Battle Creek, MI",,telegram
1183,"White, J. Edson","White, W.C.",10/4/1918,"Battle Creek, MI",,
1184,"White, J. Edson","White, W.C.",4/20/1918,"Battle Creek, MI",,
1185,"White, J. Edson","White, W.C.",4/24/1918,"Battle Creek, MI",,
1186,"White, W.C.","White, J.E.",3/5/1918,"Loma Linda, CA",,
1187,"White, J. Edson","Gotzian, Josephene",5/13/1918,"Battle Creek, MI",,
1188,"White, J. Edson","White, W.C.",5/17/1918,"Battle Creek, MI",,
1189,"White, W.C.","White, J.E.",5/18/1907,"Madison, TN",,
1190,"White, W.C.","White, J.E.",5/20/1907,"Madison, TN",,
1191,"White, W.C.","White, J.E.",5/21/1907,"Madison, TN",,
1192,"White, J. Edson","White, W.C.",5/24/1918,"Battle Creek, MI",,
1193,"White, J. Edson","Magan, P.T.",5/26/1918,"Battle Creek, MI",,
1194,"White, W.C.",Dear Edson,5/28/1907,"Madison, TN",,
1195,"White, J. Edson","Sutherland, E.A.",5/31/1918,"Battle Creek, MI",,
1196,"White, J. Edson","White, W.C.",5/31/1918,"Battle Creek, MI",,
1197,"Gotzian, Josephene","White, J.E.",,,,agreement
1198,,Inventory Stereopticon Plant,,,,
1199,"White, J. Edson","White, W.C.",3/6/1918,,,duplicate
1200,,re J.E. White…,4/6/1918,,,
1201,"White, J. Edson","White, W.C.",6/6/1918,"Battle Creek, MI",,
1202,"White, J. Edson",Brother Will,6/6/1918,"Battle Creek, MI",,duplicate
1203,"White, J. Edson","White, W.C.",6/6/1918,"Battle Creek, MI",,
1204,"White, J. Edson","Magan, P.T.",7/6/1918,"Battle Creek, MI",,
1205,"White, J. Edson","Gotzian, Josephene",9/6/1918,"Battle Creek, MI",,
1206,"White, W.C.",Brother Edson,12/6/1918,"St Helena, CA",,
1207,"White, J. Edson","Gotzian, Josephene",12/6/1918,"Battle Creek, MI",,
1208,"White, J. Edson","White, W.C.",6/13/1918,"Battle Creek, MI",,
1209,"White, J. Edson","White, W.C.",6/19/1918,"Battle Creek, MI",,
1210,"White, J. Edson","White, W.C.",6/20/1918,"Battle Creek, MI",,
1211,"White, W.C.",Brother Edson,6/28/1918,"St Helena, CA",,
1212,"White, J. Edson","White, W.C.",9/7/1918,"Battle Creek, MI",,
1213,"White, J. Edson","White, W.C.",12/7/1918,"Battle Creek, MI",,
1214,"White, W.C.",Brother Edson,7/18/1918,"St Helena, CA",,
1215,"White, J. Edson","White, W.C.",1/8/1918,"Battle Creek, MI",,
1216,"White, J. Edson","White, W.C.",10/11/1918,"Battle Creek, MI",,
1217,"White, J. Edson",Dear Brother,11/29/1918,"Battle Creek, MI",,
1218,,House plan diagram,,,,
1219,"White, W.C.",Dear Edson,12/13/1918,on train to S.F.,,
1220,"White, J. Edson","White, W.C.",12/13/1918,"Battle Creek, MI",,
1221,"White, W.C.",Brother Edson,12/22/1918,"St Helena, CA",,
1222,"White, J. Edson","White, W.C.",12/30/1918,"Battle Creek, MI",,
